identifier,latitude,longitude,feature,taille
0500-01=,-2.38,147.35,FEATURE_VOLCANO,270
0500-02-,-2.57,147.28,FEATURE_VOLCANO,254
0500-03-,-3.03,147.78,FEATURE_VOLCANO,-1300
0302-06-,33.95,67.92,FEATURE_VOLCANO,3800
0302-07-,34.25,67.97,FEATURE_VOLCANO,3190
0203-04-,-1.506,29.45,FEATURE_VOLCANO,4490
0203-01=,-0.93,29.33,FEATURE_VOLCANO,950
0203-02=,-1.408,29.2,FEATURE_VOLCANO,3058
0203-03=,-1.52,29.25,FEATURE_VOLCANO,3470
0203-08-,-2.32,28.75,FEATURE_VOLCANO,1460
0203-05-,-1.458,29.485,FEATURE_VOLCANO,3696
0203-07-,-1.304,29.683,FEATURE_VOLCANO,2100
0203-004,-0.2,30.08,FEATURE_VOLCANO,1554
0203-001,0.7,30.25,FEATURE_VOLCANO,1615
0203-005,-0.471,30.191,FEATURE_VOLCANO,1707
0203-003,-0.08,29.92,FEATURE_VOLCANO,1067
0203-002,0.45,30.25,FEATURE_VOLCANO,1430
0203-06-,-1.383,29.678,FEATURE_VOLCANO,4103
0202-03=,2.32,36.57,FEATURE_VOLCANO,1032
0202-01=,3.496,36.04,FEATURE_VOLCANO,518
0202-13=,-2.68,37.88,FEATURE_VOLCANO,2188
0202-08=,-0.65,36.22,FEATURE_VOLCANO,2856
0202-071,-0.52,36.27,FEATURE_VOLCANO,2126
0202-051,1.5,36.33,FEATURE_VOLCANO,1285
0202-07=,-0.38,34.5,FEATURE_VOLCANO,1751
0202-054,0.77,36.12,FEATURE_VOLCANO,1446
0202-10=,-0.914,36.446,FEATURE_VOLCANO,2776
0202-021,2.32,37.97,FEATURE_VOLCANO,1707
0201-33-,3.971,38.213,FEATURE_VOLCANO,1500
0202-06=,-0.2,36.07,FEATURE_VOLCANO,2278
0202-04-,1.98,36.43,FEATURE_VOLCANO,817
0202-001,4.059,36.049,FEATURE_VOLCANO,490
0202-056,0.23,37.87,FEATURE_VOLCANO,750
0202-055,0.62,36.075,FEATURE_VOLCANO,1130
0202-09=,-0.904,36.292,FEATURE_VOLCANO,2434
0202-053,0.92,36.18,FEATURE_VOLCANO,1697
0202-05-,1.57,37.9,FEATURE_VOLCANO,699
0202-052,1.15,36.23,FEATURE_VOLCANO,1528
0202-02=,2.63,36.6,FEATURE_VOLCANO,800
0202-11=,-1.151,36.357,FEATURE_VOLCANO,2356
0202-161,-4.889,31.933,FEATURE_VOLCANO,1146
0202-165,-8.93,33.4,FEATURE_VOLCANO,1568
0202-15=,-3.07,37.35,FEATURE_VOLCANO,5895
0202-17=,-9.229,33.792,FEATURE_VOLCANO,2176
0202-12=,-2.764,35.914,FEATURE_VOLCANO,2962
0202-16=,-3.25,36.75,FEATURE_VOLCANO,4565
0202-164,-8.989,33.554,FEATURE_VOLCANO,2614
0202-166,-9.135,33.668,FEATURE_VOLCANO,2953
0202-163,-8.75,33.8,FEATURE_VOLCANO,2179
0202-162,-8.63,33.57,FEATURE_VOLCANO,0
0205-005,23.33,5.83,FEATURE_VOLCANO,2918
0205-003,23,10.833,FEATURE_VOLCANO,
0205-006,23.92,5.83,FEATURE_VOLCANO,1672
0205-004,22.67,5,FEATURE_VOLCANO,1467
0205-021,19.8,18.53,FEATURE_VOLCANO,3415
0205-001,17.68,8.5,FEATURE_VOLCANO,1780
0205-009,21.33,16.33,FEATURE_VOLCANO,2000
0205-01=,21.03,16.45,FEATURE_VOLCANO,3265
0205-02=,20.92,17.28,FEATURE_VOLCANO,3100
0205-007,27.25,17.5,FEATURE_VOLCANO,1200
0205-008,25.05,17.55,FEATURE_VOLCANO,547
0205-002,19.83,2.83,FEATURE_VOLCANO,700
0205-06-,18.33,32.75,FEATURE_VOLCANO,670
0205-04-,14.57,25.85,FEATURE_VOLCANO,1779
0205-03-,12.95,24.27,FEATURE_VOLCANO,3042
0205-05-,15.32,26.47,FEATURE_VOLCANO,2000
0205-07-,18.17,33.83,FEATURE_VOLCANO,0
0201-126,11.58,42.47,FEATURE_VOLCANO,298
0201-123,12.469,42.404,FEATURE_VOLCANO,1993
0201-04=,14.88,39.92,FEATURE_VOLCANO,904
0201-125,12.95,42.43,FEATURE_VOLCANO,987
0201-10=,13.579,41.809,FEATURE_VOLCANO,1625
0201-124,12.55,42.53,FEATURE_VOLCANO,600
0201-03=,15.042,39.82,FEATURE_VOLCANO,713
0201-101,13.37,41.7,FEATURE_VOLCANO,2218
0201-17=,10.063,40.831,FEATURE_VOLCANO,1670
0201-11=,13.088,40.853,FEATURE_VOLCANO,1250
0201-112,12.888,40.573,FEATURE_VOLCANO,1496
0201-09=,13.512,40.631,FEATURE_VOLCANO,988
0201-06=,13.793,40.553,FEATURE_VOLCANO,578
0201-27-,7.77,38.78,FEATURE_VOLCANO,2335
0201-104,13.098,41.599,FEATURE_VOLCANO,1338
0201-16=,10.082,40.702,FEATURE_VOLCANO,2145
0201-191,8.95,39.75,FEATURE_VOLCANO,1100
0201-291,7.07,38.1,FEATURE_VOLCANO,1700
0201-22-,8.78,38.98,FEATURE_VOLCANO,1850
0201-071,13.725,40.6,FEATURE_VOLCANO,668
0201-24-,8.221,39.05,FEATURE_VOLCANO,2267
0201-107,13.304,40.987,FEATURE_VOLCANO,784
0201-121,11.63,41.45,FEATURE_VOLCANO,875
0201-21-,8.558,39.475,FEATURE_VOLCANO,2447
0201-26-,8.05,38.35,FEATURE_VOLCANO,2281
0201-30-,6.65,38.12,FEATURE_VOLCANO,1636
0201-29-,7.193,38.39,FEATURE_VOLCANO,2320
0201-113,12.595,40.48,FEATURE_VOLCANO,1401
0201-114,12.38,40.07,FEATURE_VOLCANO,1302
0201-07=,13.792,40.55,FEATURE_VOLCANO,613
0201-041,14.242,40.3,FEATURE_VOLCANO,-48
0201-141,11.28,41.63,FEATURE_VOLCANO,1068
0201-18=,9.35,40.13,FEATURE_VOLCANO,1151
0201-311,5.708,37.713,FEATURE_VOLCANO,1150
0201-252,7.874,38.902,FEATURE_VOLCANO,1889
0201-08=,13.6,40.67,FEATURE_VOLCANO,613
0201-19=,8.975,39.93,FEATURE_VOLCANO,2007
0201-15=,11.08,41.27,FEATURE_VOLCANO,1459
0201-05=,13.975,40.408,FEATURE_VOLCANO,287
0201-23-,8.357,39.188,FEATURE_VOLCANO,1873
0201-116,11.816,40.242,FEATURE_VOLCANO,852
0201-091,13.51,40.722,FEATURE_VOLCANO,493
0201-171,9.78,40.33,FEATURE_VOLCANO,900
0201-293,6.78,37.83,FEATURE_VOLCANO,1800
0201-20-,8.788,39.701,FEATURE_VOLCANO,1380
0201-32-,5.1,35.88,FEATURE_VOLCANO,912
0201-12=,11.88,41.208,FEATURE_VOLCANO,625
0201-172,9.57,40.28,FEATURE_VOLCANO,878
0201-111,13.013,40.185,FEATURE_VOLCANO,1745
0201-102,13.27,41.65,FEATURE_VOLCANO,1875
0201-115,12.17,40.82,FEATURE_VOLCANO,600
0201-122,12.38,42.2,FEATURE_VOLCANO,600
0201-105,13.106,41.161,FEATURE_VOLCANO,493
,6.76,37.97,FEATURE_VOLCANO,1594
0201-28-,7.47,38.58,FEATURE_VOLCANO,2075
0201-222,8.43,39.35,FEATURE_VOLCANO,1765
0201-103,13.18,41.725,FEATURE_VOLCANO,1611
0201-106,13.284,41.063,FEATURE_VOLCANO,655
0201-292,7.42,35.43,FEATURE_VOLCANO,2728
0201-31-,5.92,37.57,FEATURE_VOLCANO,1650
0201-25-,8.159,39.137,FEATURE_VOLCANO,2343
0201-221,8.62,38.95,FEATURE_VOLCANO,1800
0201-201,8.7,39.63,FEATURE_VOLCANO,1300
0201-251,8.013,39.062,FEATURE_VOLCANO,1886
0201-151,10.58,41.042,FEATURE_VOLCANO,1383
0204-01=,4.203,9.17,FEATURE_VOLCANO,4095
0204-02-,5.03,9.83,FEATURE_VOLCANO,2411
0204-04-,7.25,13.67,FEATURE_VOLCANO,0
0204-03-,6.25,10.5,FEATURE_VOLCANO,3011
0204-011,4.758,9.717,FEATURE_VOLCANO,500
0204-002,3.35,8.52,FEATURE_VOLCANO,2260
0204-003,3.35,8.63,FEATURE_VOLCANO,2009
0204-004,3.588,8.762,FEATURE_VOLCANO,2999
0204-05-,10.75,12,FEATURE_VOLCANO,0
0204-001,0.32,6.72,FEATURE_VOLCANO,2024
1102-09-,56.88,-158.17,FEATURE_VOLCANO,1341
1102-08-,56.552,-158.785,FEATURE_VOLCANO,1032
1102-11-,57.135,-156.99,FEATURE_VOLCANO,2221
1102-05-,55.641,-161.214,FEATURE_VOLCANO,1354
1102-21-,58.418,-154.449,FEATURE_VOLCANO,2287
1102-27-,58.855,-153.542,FEATURE_VOLCANO,2140
1102-011,55.183,-162.276,FEATURE_VOLCANO,1465
1102-02-,55.341,-162.073,FEATURE_VOLCANO,1436
1102-26-,58.77,-153.672,FEATURE_VOLCANO,2105
1102-01-,55.067,-162.835,FEATURE_VOLCANO,1728
1102-19-,58.354,-155.092,FEATURE_VOLCANO,2317
1102-25-,58.608,-154.028,FEATURE_VOLCANO,901
1102-17-,58.28,-154.963,FEATURE_VOLCANO,2047
1102-12-,57.203,-156.745,FEATURE_VOLCANO,1677
1102-23-,58.453,-154.355,FEATURE_VOLCANO,2043
1102-06-,56.011,-159.797,FEATURE_VOLCANO,1895
1102-15-,58.195,-155.253,FEATURE_VOLCANO,2165
1102-14-,58.172,-155.361,FEATURE_VOLCANO,1863
1102-18-,58.27,-155.157,FEATURE_VOLCANO,841
1102-03-,55.417,-161.894,FEATURE_VOLCANO,2493
1102-04-,55.457,-161.854,FEATURE_VOLCANO,2142
1102-20-,58.336,-154.682,FEATURE_VOLCANO,2162
1102-22-,58.43,-154.4,FEATURE_VOLCANO,2272
1102-051,55.913,-160.041,FEATURE_VOLCANO,1323
1102-052,55.929,-160.002,FEATURE_VOLCANO,1555
1102-053,55.954,-159.954,FEATURE_VOLCANO,1557
1102-16-,58.236,-155.1,FEATURE_VOLCANO,1864
1102-13-,57.751,-156.368,FEATURE_VOLCANO,1474
1102-131,57.832,-156.51,FEATURE_VOLCANO,91
1102-132,57.87,-155.411,FEATURE_VOLCANO,402
1102-07-,56.17,-159.38,FEATURE_VOLCANO,2507
1102-10-,57.019,-157.185,FEATURE_VOLCANO,1345
1105-001,64.062,-148.433,FEATURE_VOLCANO,830
1105-03-,61.38,-141.75,FEATURE_VOLCANO,5005
1105-021,62.13,-143.08,FEATURE_VOLCANO,2755
1105-01-,62.22,-144.13,FEATURE_VOLCANO,4949
1105-02-,62.006,-144.017,FEATURE_VOLCANO,4278
1105-07-,55.32,-131.05,FEATURE_VOLCANO,500
1105-05-,56.5,-133.1,FEATURE_VOLCANO,15
1105-04-,57.05,-135.75,FEATURE_VOLCANO,970
1105-06-,55.25,-133.3,FEATURE_VOLCANO,50
1103-01-,59.363,-153.43,FEATURE_VOLCANO,1252
1103-05-,61.64,-152.411,FEATURE_VOLCANO,3034
1103-02-,60.032,-153.09,FEATURE_VOLCANO,3053
1103-03-,60.485,-152.742,FEATURE_VOLCANO,3108
1103-04-,61.299,-152.251,FEATURE_VOLCANO,3374
1104-01-,66.35,-164.33,FEATURE_VOLCANO,243
1104-06-,65.517,-163.45,FEATURE_VOLCANO,610
1104-02-,65.6,-163.92,FEATURE_VOLCANO,610
1104-05-,61.43,-164.47,FEATURE_VOLCANO,190
1104-03-,63.6,-170.43,FEATURE_VOLCANO,673
1104-04-,63.45,-162.12,FEATURE_VOLCANO,715
,57.18,-170.3,FEATURE_VOLCANO,203
1101-32-,54.134,-165.986,FEATURE_VOLCANO,1303
1101-39-,55.424,-163.149,FEATURE_VOLCANO,488
1101-19-,52.5,-171.252,FEATURE_VOLCANO,1066
1101-16-,52.331,-174.139,FEATURE_VOLCANO,1448
1101-10-,51.91,-177.438,FEATURE_VOLCANO,738
1101-30-,53.93,-168.03,FEATURE_VOLCANO,150
1101-01-,52.35,175.911,FEATURE_VOLCANO,656
1101-23-,52.894,-170.054,FEATURE_VOLCANO,1620
1101-20-,52.577,-171.13,FEATURE_VOLCANO,1142
1101-24-,52.825,-169.944,FEATURE_VOLCANO,1730
1101-04-,51.97,178.33,FEATURE_VOLCANO,328
1101-35-,54.65,-164.43,FEATURE_VOLCANO,1112
1101-07-,51.79,-178.794,FEATURE_VOLCANO,1573
1101-12-,52.076,-176.13,FEATURE_VOLCANO,1740
1101-22-,52.742,-170.111,FEATURE_VOLCANO,1280
1101-37-,54.765,-163.723,FEATURE_VOLCANO,2446
1101-26-,52.974,-169.72,FEATURE_VOLCANO,893
1101-11-,51.923,-177.168,FEATURE_VOLCANO,1307
1101-13-,52.177,-175.508,FEATURE_VOLCANO,314
1101-02-,52.103,177.602,FEATURE_VOLCANO,1220
1101-14-,52.22,-175.13,FEATURE_VOLCANO,273
,52.381,-174.166,FEATURE_VOLCANO,1518
1101-05-,51.95,178.543,FEATURE_VOLCANO,1174
1101-31-,53.891,-166.923,FEATURE_VOLCANO,1800
1101-111,51.944,-176.747,FEATURE_VOLCANO,1196
1101-29-,53.43,-168.13,FEATURE_VOLCANO,1073
1101-28-,53.157,-168.539,FEATURE_VOLCANO,1984
1101-38-,54.8,-163.589,FEATURE_VOLCANO,1871
1101-18-,52.315,-172.51,FEATURE_VOLCANO,1054
1101-03-,52.015,178.136,FEATURE_VOLCANO,1160
1101-06-,51.93,179.58,FEATURE_VOLCANO,1221
1101-15-,52.03,-174.93,FEATURE_VOLCANO,560
1101-36-,54.756,-163.97,FEATURE_VOLCANO,2857
1101-09-,51.873,-178.006,FEATURE_VOLCANO,1449
1101-241,52.83,-169.77,FEATURE_VOLCANO,1170
1101-08-,51.885,-178.146,FEATURE_VOLCANO,1806
1101-25-,53.065,-169.77,FEATURE_VOLCANO,888
1101-17-,52,-173.5,FEATURE_VOLCANO,0
1101-27-,53.13,-168.693,FEATURE_VOLCANO,2149
1101-34-,54.516,-164.65,FEATURE_VOLCANO,1563
1101-21-,52.643,-170.629,FEATURE_VOLCANO,550
0600-01=,12.278,93.858,FEATURE_VOLCANO,354
0600-001,13.43,94.28,FEATURE_VOLCANO,710
1900-023,-75.8,-132.33,FEATURE_VOLCANO,2978
1900-022,-76.05,-136,FEATURE_VOLCANO,3478
1900-04=,-62.061,-56.717,FEATURE_VOLCANO,240
1900-08=,-59.017,-26.533,FEATURE_VOLCANO,1100
1900-01=,-66.78,163.25,FEATURE_VOLCANO,1239
1900-10=,-57.08,-26.67,FEATURE_VOLCANO,550
1900-03=,-63.001,-60.652,FEATURE_VOLCANO,602
1900-02=,-77.53,167.17,FEATURE_VOLCANO,3794
1900-11=,-56.712,-27.176,FEATURE_VOLCANO,835
1900-028,-74.33,-99.42,FEATURE_VOLCANO,749
,-64.15,-57.75,FEATURE_VOLCANO,1630
1900-12=,-56.656,-28.14,FEATURE_VOLCANO,190
1900-06=,-65.03,-60.05,FEATURE_VOLCANO,368
1900-015,-74.35,164.7,FEATURE_VOLCANO,2732
,-62.02,-57.67,FEATURE_VOLCANO,549
1900-081,-58.445,-26.374,FEATURE_VOLCANO,1370
1900-020,-78.5,163.53,FEATURE_VOLCANO,2723
1900-041,-63.579,-55.78,FEATURE_VOLCANO,353
1900-031,-62.1,-57.93,FEATURE_VOLCANO,180
1900-029,-68.85,-90.58,FEATURE_VOLCANO,1640
1900-013,-72.67,165.5,FEATURE_VOLCANO,3040
1900-14-,-55.912,-28.167,FEATURE_VOLCANO,-55
1900-021,-78.25,163.33,FEATURE_VOLCANO,3000
1900-09=,-57.8,-26.483,FEATURE_VOLCANO,843
1900-05=,-65.03,-60.05,FEATURE_VOLCANO,368
1900-025,-73.43,-126.67,FEATURE_VOLCANO,3110
1900-07=,-59.442,-27.225,FEATURE_VOLCANO,1075
1900-012,-67.4,164.83,FEATURE_VOLCANO,1167
1900-027,-76.28,-112.08,FEATURE_VOLCANO,3460
1900-026,-75.8,-115.83,FEATURE_VOLCANO,3595
1900-014,-73.45,164.58,FEATURE_VOLCANO,2987
1900-016,-76.83,163,FEATURE_VOLCANO,-500
1900-024,-77.17,-126.88,FEATURE_VOLCANO,3292
1900-011,-66.42,162.47,FEATURE_VOLCANO,1340
1900-13=,-56.3,-27.57,FEATURE_VOLCANO,551
0302-14-,26,57,FEATURE_VOLCANO,0
0301-15-,12.25,45,FEATURE_VOLCANO,0
0301-09-,15.63,44.08,FEATURE_VOLCANO,3100
0301-17-,14.067,48.3,FEATURE_VOLCANO,604
0301-18-,15.515,50.935,FEATURE_VOLCANO,464
0301-12-,14.57,44.67,FEATURE_VOLCANO,3500
0301-11-,15.4,45.1,FEATURE_VOLCANO,1550
0301-10-,15.245,44.236,FEATURE_VOLCANO,2506
0301-16-,13.58,46.12,FEATURE_VOLCANO,1737
0301-072,18.37,41.63,FEATURE_VOLCANO,587
0301-001,32.333,37.583,FEATURE_VOLCANO,1100
0301-05=,26.58,40.2,FEATURE_VOLCANO,1625
0301-06=,25,39.92,FEATURE_VOLCANO,2093
0301-071,22.8,41.38,FEATURE_VOLCANO,1475
0301-04-,25.17,37.75,FEATURE_VOLCANO,1370
0301-01=,27.8,36.17,FEATURE_VOLCANO,1950
0301-07=,23.08,39.78,FEATURE_VOLCANO,1744
0301-02=,27.08,37.25,FEATURE_VOLCANO,1920
0301-08-,17.05,42.83,FEATURE_VOLCANO,305
1707-02-,85.608,85.25,FEATURE_VOLCANO,-3800
1707-01-,88.27,-65.6,FEATURE_VOLCANO,-1500
1505-18-,-26.12,-67.4,FEATURE_VOLCANO,3495
1508-024,-41.88,-72.58,FEATURE_VOLCANO,1210
1505-16-,-24.29,-67.783,FEATURE_VOLCANO,6095
1507-023,-34.65,-70.05,FEATURE_VOLCANO,5189
,-39.02,-70.37,FEATURE_VOLCANO,1700
1505-21-,-26.789,-67.765,FEATURE_VOLCANO,4670
1505-19-,-26.632,-68.361,FEATURE_VOLCANO,6373
1507-067,-36.638,-70.432,FEATURE_VOLCANO,4702
1505-124,-26.8,-68.37,FEATURE_VOLCANO,5906
1507-123,-39.887,-71.58,FEATURE_VOLCANO,2189
1505-123,-26.48,-68.58,FEATURE_VOLCANO,6173
1507-066,-36.422,-69.241,FEATURE_VOLCANO,3715
1505-20-,-26.623,-68.116,FEATURE_VOLCANO,5741
1507-073,-37.567,-69.617,FEATURE_VOLCANO,970
1505-107,-24.188,-68.054,FEATURE_VOLCANO,6233
1507-024,-34.917,-69.981,FEATURE_VOLCANO,4999
1505-131,-27.105,-68.713,FEATURE_VOLCANO,6205
1505-22-,-27.196,-68.561,FEATURE_VOLCANO,6658
1507-081,-37.738,-70.906,FEATURE_VOLCANO,2360
1507-072,-37.144,-70.033,FEATURE_VOLCANO,4114
1507-071,-37.142,-70.03,FEATURE_VOLCANO,3978
1505-15-,-24.05,-66.48,FEATURE_VOLCANO,5486
1505-161,-25.078,-68.266,FEATURE_VOLCANO,4652
1508-061,-49.358,-73.28,FEATURE_VOLCANO,1300
0104-06-,40.53,44.2,FEATURE_VOLCANO,4095
0104-07-,40.283,45,FEATURE_VOLCANO,3597
0104-09-,40.028,45.74,FEATURE_VOLCANO,3029
0104-10-,39.742,45.992,FEATURE_VOLCANO,3139
0104-08-,39.797,45.497,FEATURE_VOLCANO,2575
1805-03=,-0.433,-19.596,FEATURE_VOLCANO,-1528
1805-01=,7,-21.83,FEATURE_VOLCANO,-1415
1805-04=,-3.5,-24.5,FEATURE_VOLCANO,-5300
1805-02=,4.2,-21.45,FEATURE_VOLCANO,-2900
1801-04=,38.75,-38.08,FEATURE_VOLCANO,-4200
1801-03=,39.95,-25.83,FEATURE_VOLCANO,-2835
1801-01=,66,-27.75,FEATURE_VOLCANO,-108
1801-02=,49,-34.5,FEATURE_VOLCANO,-1650
1706-01=,71.082,-8.155,FEATURE_VOLCANO,2197
1805-05-,-7.95,-14.37,FEATURE_VOLCANO,858
1806-03-,-53.93,5.5,FEATURE_VOLCANO,0
1805-051,-20.514,-29.331,FEATURE_VOLCANO,600
1806-01=,-37.092,-12.28,FEATURE_VOLCANO,2060
,-32.958,-5.22,FEATURE_VOLCANO,-1200
1806-02-,-54.408,3.351,FEATURE_VOLCANO,741
1806-011,-37.42,-12.48,FEATURE_VOLCANO,365
1303-08-,-28.98,-140.25,FEATURE_VOLCANO,-39
0509-01-,-37.77,142.5,FEATURE_VOLCANO,1011
1802-09=,37.77,-25.47,FEATURE_VOLCANO,947
1802-002,39.699,-31.111,FEATURE_VOLCANO,718
1802-07=,38.23,-26.63,FEATURE_VOLCANO,-13
1802-01=,38.6,-28.73,FEATURE_VOLCANO,1043
1802-001,39.462,-31.216,FEATURE_VOLCANO,914
1802-10=,37.77,-25.32,FEATURE_VOLCANO,805
1802-04=,39.02,-27.97,FEATURE_VOLCANO,402
1802-12-,32.73,-16.97,FEATURE_VOLCANO,1862
1802-11=,37.6,-25.88,FEATURE_VOLCANO,-197
1802-02=,38.47,-28.4,FEATURE_VOLCANO,2351
1802-081,37.78,-25.67,FEATURE_VOLCANO,350
1802-03=,38.65,-28.08,FEATURE_VOLCANO,1053
1802-08=,37.87,-25.78,FEATURE_VOLCANO,856
1802-05=,38.73,-27.32,FEATURE_VOLCANO,1023
0605-04=,-7.125,128.675,FEATURE_VOLCANO,868
0605-09=,-4.523,129.881,FEATURE_VOLCANO,596
0605-01=,-6.62,124.22,FEATURE_VOLCANO,-2850
0605-03=,-6.642,126.65,FEATURE_VOLCANO,282
0605-08=,-5.543,130.303,FEATURE_VOLCANO,257
0605-02=,-6.6,124.675,FEATURE_VOLCANO,-2285
0605-06=,-6.73,129.5,FEATURE_VOLCANO,781
0605-07=,-6.312,130.017,FEATURE_VOLCANO,608
0605-05=,-6.976,129.144,FEATURE_VOLCANO,728
1505-036,-19.78,-66.48,FEATURE_VOLCANO,5438
1505-035,-19.463,-67.432,FEATURE_VOLCANO,3650
1505-042,-20.85,-68.2,FEATURE_VOLCANO,5543
1505-012,-18.166,-69.142,FEATURE_VOLCANO,6336
1505-021,-18.62,-68.75,FEATURE_VOLCANO,4215
1505-061,-21.5,-67.5,FEATURE_VOLCANO,4050
0610-01-,4.4,117.88,FEATURE_VOLCANO,531
0505-02=,-6.137,155.196,FEATURE_VOLCANO,1855
0505-01=,-5.92,154.98,FEATURE_VOLCANO,2715
0505-011,-6.092,155.225,FEATURE_VOLCANO,1544
0505-03=,-6.52,155.62,FEATURE_VOLCANO,1887
0505-021,-6.442,155.608,FEATURE_VOLCANO,2210
0505-00-,-5.835,154.935,FEATURE_VOLCANO,2175
1200-02-,60.42,-135.42,FEATURE_VOLCANO,2217
1200-03-,59.68,-133.32,FEATURE_VOLCANO,1880
1200-17-,50.8,-123.4,FEATURE_VOLCANO,2500
,50.12,-123.28,FEATURE_VOLCANO,2375
1200-11-,54.7,-130.23,FEATURE_VOLCANO,335
1200-06-,57.72,-130.63,FEATURE_VOLCANO,2786
1200-01-,62.93,-137.38,FEATURE_VOLCANO,1239
1200-20-,49.85,-123,FEATURE_VOLCANO,2678
1200-19-,49.933,-123,FEATURE_VOLCANO,2316
1200-04-,58.6,-131.97,FEATURE_VOLCANO,2012
1200-08-,56.78,-131.28,FEATURE_VOLCANO,1850
1200-09-,56.58,-130.55,FEATURE_VOLCANO,1880
1200-05-,58.42,-131.35,FEATURE_VOLCANO,2190
1200-18-,50.63,-123.5,FEATURE_VOLCANO,2680
1200-12-,52.5,-128.73,FEATURE_VOLCANO,335
1200-14-,52.928,-123.732,FEATURE_VOLCANO,1238
1200-13-,52.47,-124.7,FEATURE_VOLCANO,1921
1200-16-,51.43,-126.3,FEATURE_VOLCANO,3160
1200-07-,57.43,-130.68,FEATURE_VOLCANO,2430
1200-10-,55.12,-128.9,FEATURE_VOLCANO,609
1200-031,59.37,-130.58,FEATURE_VOLCANO,2123
1200-15-,52.33,-120.57,FEATURE_VOLCANO,2576
1803-05-,28.358,-14.02,FEATURE_VOLCANO,529
1803-04-,28,-15.58,FEATURE_VOLCANO,1950
1803-02-,27.73,-18.03,FEATURE_VOLCANO,1500
1803-01-,28.57,-17.83,FEATURE_VOLCANO,2426
1803-06-,29.03,-13.63,FEATURE_VOLCANO,670
1803-03-,28.271,-16.641,FEATURE_VOLCANO,3715
1804-02-,14.85,-24.72,FEATURE_VOLCANO,900
1804-01=,14.95,-24.35,FEATURE_VOLCANO,2829
1804-03-,17.07,-25.17,FEATURE_VOLCANO,1979
1505-125,-27.033,-68.296,FEATURE_VOLCANO,6638
1507-122,-39.637,-71.502,FEATURE_VOLCANO,3776
1507-021,-34.164,-69.832,FEATURE_VOLCANO,5323
1507-02=,-33.789,-69.895,FEATURE_VOLCANO,6070
1507-153,-40.783,-72.15,FEATURE_VOLCANO,1979
1507-08=,-37.406,-71.349,FEATURE_VOLCANO,2979
1507-06=,-35.653,-70.761,FEATURE_VOLCANO,3788
1507-064,-36.286,-71.009,FEATURE_VOLCANO,2268
1507-112,-39.25,-71.75,FEATURE_VOLCANO,1652
1507-042,-35.558,-70.496,FEATURE_VOLCANO,3508
1507-091,-37.92,-71.45,FEATURE_VOLCANO,3164
1507-14=,-40.35,-72.07,FEATURE_VOLCANO,1114
1507-07=,-36.868,-71.378,FEATURE_VOLCANO,3180
1507-09=,-37.856,-71.183,FEATURE_VOLCANO,2953
1507-05=,-35.58,-70.75,FEATURE_VOLCANO,3953
1507-041,-35.123,-69.9,FEATURE_VOLCANO,3007
1507-11=,-38.692,-71.729,FEATURE_VOLCANO,3125
1507-063,-36.193,-71.161,FEATURE_VOLCANO,3242
1507-10=,-38.379,-71.586,FEATURE_VOLCANO,2832
1507-092,-38.255,-71.167,FEATURE_VOLCANO,2108
1507-061,-36.058,-70.492,FEATURE_VOLCANO,2162
1507-13=,-39.927,-72.027,FEATURE_VOLCANO,2422
1507-022,-34.608,-70.295,FEATURE_VOLCANO,4860
1507-152,-40.77,-71.95,FEATURE_VOLCANO,1897
1507-04=,-35.223,-70.568,FEATURE_VOLCANO,3977
1507-16-,-40.969,-72.264,FEATURE_VOLCANO,2493
1507-15=,-40.59,-72.117,FEATURE_VOLCANO,2236
1507-121,-39.496,-71.722,FEATURE_VOLCANO,2360
1507-065,-36.45,-70.92,FEATURE_VOLCANO,1890
1507-062,-35.989,-70.849,FEATURE_VOLCANO,3621
1507-111,-38.97,-71.52,FEATURE_VOLCANO,2282
1507-03=,-34.814,-70.352,FEATURE_VOLCANO,4280
1507-093,-38.31,-71.645,FEATURE_VOLCANO,2739
1507-101,-38.509,-70.898,FEATURE_VOLCANO,2448
1507-01=,-33.425,-69.797,FEATURE_VOLCANO,5660
1507-12=,-39.42,-71.93,FEATURE_VOLCANO,2847
1506-011,-27.15,-109.38,FEATURE_VOLCANO,511
1506-02=,-33.658,-78.85,FEATURE_VOLCANO,922
1506-01=,-26.27,-80.12,FEATURE_VOLCANO,183
1506-04=,-33.62,-76.83,FEATURE_VOLCANO,-642
1506-03=,-33.622,-78.78,FEATURE_VOLCANO,0
1505-122,-25.414,-68.588,FEATURE_VOLCANO,5413
1505-121,-25.336,-68.521,FEATURE_VOLCANO,5481
1505-112,-25.083,-68.367,FEATURE_VOLCANO,5451
1505-11=,-24.72,-68.53,FEATURE_VOLCANO,6739
1505-13=,-27.109,-68.541,FEATURE_VOLCANO,6879
1505-108,-24.396,-68.246,FEATURE_VOLCANO,6031
1505-06=,-21.787,-68.237,FEATURE_VOLCANO,5846
1505-093,-22.895,-67.566,FEATURE_VOLCANO,5598
1505-04=,-20.73,-68.55,FEATURE_VOLCANO,5163
1505-05=,-20.939,-68.413,FEATURE_VOLCANO,5705
1505-091,-22.72,-67.892,FEATURE_VOLCANO,5971
1505-096,-23.292,-67.618,FEATURE_VOLCANO,6023
1505-104,-23.949,-67.74,FEATURE_VOLCANO,4458
1505-098,-23.58,-67.7,FEATURE_VOLCANO,5778
1505-095,-23.236,-67.645,FEATURE_VOLCANO,5631
1505-14-,-27.3,-69.13,FEATURE_VOLCANO,6052
1505-101,-23.743,-67.534,FEATURE_VOLCANO,5852
1505-02=,-18.42,-69.092,FEATURE_VOLCANO,6071
1505-03=,-19.15,-68.83,FEATURE_VOLCANO,5550
1505-10=,-23.37,-67.73,FEATURE_VOLCANO,5592
1505-12=,-25.168,-68.507,FEATURE_VOLCANO,5706
1505-092,-22.83,-67.88,FEATURE_VOLCANO,5916
1505-102,-23.82,-67.77,FEATURE_VOLCANO,5910
1505-106,-24.18,-68.25,FEATURE_VOLCANO,3500
1505-109,-24.319,-68.59,FEATURE_VOLCANO,4220
1505-097,-23.52,-67.67,FEATURE_VOLCANO,4555
1505-094,-23,-67.75,FEATURE_VOLCANO,5703
1505-09=,-22.557,-67.853,FEATURE_VOLCANO,5884
1505-07=,-21.888,-68.391,FEATURE_VOLCANO,6142
1505-011,-18.1,-69.5,FEATURE_VOLCANO,5860
1505-01=,-17.72,-69.77,FEATURE_VOLCANO,5980
1505-032,-19.13,-68.53,FEATURE_VOLCANO,5430
1505-105,-23.97,-68.13,FEATURE_VOLCANO,3109
1505-103,-23.83,-67.95,FEATURE_VOLCANO,3550
1508-062,-50.33,-73.75,FEATURE_VOLCANO,2546
1508-059,-47.2,-73.483,FEATURE_VOLCANO,3437
1508-07=,-52.33,-73.4,FEATURE_VOLCANO,1758
1508-02=,-41.33,-72.618,FEATURE_VOLCANO,1974
1508-055,-45.059,-72.984,FEATURE_VOLCANO,2090
1508-021,-41.25,-72.27,FEATURE_VOLCANO,506
1508-012,-41.25,-72.27,FEATURE_VOLCANO,506
1508-041,-42.833,-72.646,FEATURE_VOLCANO,1122
1508-050,-43.189,-72.794,FEATURE_VOLCANO,1826
1508-09-,-54.97,-70.262,FEATURE_VOLCANO,157
1508-023,-41.874,-72.431,FEATURE_VOLCANO,1572
1508-057,-45.9,-72.97,FEATURE_VOLCANO,1905
1508-03=,-42.377,-72.578,FEATURE_VOLCANO,1318
1508-06=,-49.019,-73.504,FEATURE_VOLCANO,3542
1508-056,-45.1,-73.17,FEATURE_VOLCANO,2960
1508-052,-44.08,-72.88,FEATURE_VOLCANO,2400
1508-054,-44.7,-73.08,FEATURE_VOLCANO,1660
,-45.22,-73.05,FEATURE_VOLCANO,1080
1508-04=,-42.799,-72.445,FEATURE_VOLCANO,2452
1508-01=,-41.105,-72.496,FEATURE_VOLCANO,2659
1508-051,-43.42,-72.83,FEATURE_VOLCANO,2991
1508-08-,-52.082,-69.698,FEATURE_VOLCANO,282
1508-053,-44.3,-72.53,FEATURE_VOLCANO,524
1508-063,-50.964,-73.585,FEATURE_VOLCANO,1000
1508-058,-46.167,-72.667,FEATURE_VOLCANO,
1508-011,-41.157,-71.885,FEATURE_VOLCANO,3478
1508-05=,-43.497,-72.81,FEATURE_VOLCANO,2049
1508-022,-41.755,-72.396,FEATURE_VOLCANO,2187
1508-025,-42.018,-70.194,FEATURE_VOLCANO,1344
1005-011,47.45,120.8,FEATURE_VOLCANO,1677
1005-01-,41.59,113.111,FEATURE_VOLCANO,1605
1005-04-,44.08,128.83,FEATURE_VOLCANO,1000
1005-02-,49.37,125.92,FEATURE_VOLCANO,670
1005-05-,42.33,126.5,FEATURE_VOLCANO,1000
1005-03-,48.722,126.15,FEATURE_VOLCANO,597
1005-06-,41.98,128.08,FEATURE_VOLCANO,2744
0705-11-,25.23,98.5,FEATURE_VOLCANO,2865
1004-03-,35.52,80.2,FEATURE_VOLCANO,5808
1004-02-,42.5,82.5,FEATURE_VOLCANO,0
1004-01-,42.9,89.25,FEATURE_VOLCANO,0
1004-04-,35.85,91.7,FEATURE_VOLCANO,5400
1501-09=,1.08,-77.68,FEATURE_VOLCANO,4070
1501-012,5.091,-75.293,FEATURE_VOLCANO,3985
1501-10=,0.95,-77.87,FEATURE_VOLCANO,4764
1501-07=,1.5,-76.936,FEATURE_VOLCANO,4137
1501-08=,1.22,-77.37,FEATURE_VOLCANO,4276
1501-05=,2.93,-76.03,FEATURE_VOLCANO,5364
1501-04=,4.487,-75.389,FEATURE_VOLCANO,2749
1501-062,1.57,-76.78,FEATURE_VOLCANO,3280
1501-06=,2.32,-76.4,FEATURE_VOLCANO,4650
1501-011,5.203,-75.363,FEATURE_VOLCANO,3769
1501-02=,4.892,-75.324,FEATURE_VOLCANO,5279
1501-021,4.818,-75.365,FEATURE_VOLCANO,4944
1501-061,2.108,-76.592,FEATURE_VOLCANO,4400
1501-03=,4.658,-75.33,FEATURE_VOLCANO,5215
1501-11=,0.817,-77.938,FEATURE_VOLCANO,4698
1405-033,10.463,-84.703,FEATURE_VOLCANO,1670
1405-05=,10.135,-84.1,FEATURE_VOLCANO,2906
1405-06=,9.979,-83.852,FEATURE_VOLCANO,3432
1405-03=,10.748,-85.153,FEATURE_VOLCANO,2028
1405-01=,10.98,-85.473,FEATURE_VOLCANO,1659
1405-034,10.3,-84.366,FEATURE_VOLCANO,2267
1405-04=,10.2,-84.233,FEATURE_VOLCANO,2708
1405-02=,10.83,-85.324,FEATURE_VOLCANO,1916
1405-031,10.673,-85.015,FEATURE_VOLCANO,1916
1405-07=,10.025,-83.767,FEATURE_VOLCANO,3340
0503-06=,-9.62,150.88,FEATURE_VOLCANO,500
0503-041,-9.358,150.246,FEATURE_VOLCANO,220
0503-05=,-9.52,150.53,FEATURE_VOLCANO,200
,-0.53,-78,FEATURE_VOLCANO,4267
1502-03=,-0.481,-78.141,FEATURE_VOLCANO,5753
1502-021,-0.353,-78.617,FEATURE_VOLCANO,4463
1502-006,0.029,-77.986,FEATURE_VOLCANO,5790
1502-022,-0.375,-78.25,FEATURE_VOLCANO,4643
1502-002,0.468,-78.287,FEATURE_VOLCANO,4106
1502-071,-1.464,-78.815,FEATURE_VOLCANO,6310
1502-05=,-0.677,-78.436,FEATURE_VOLCANO,5911
1502-003,0.308,-78.364,FEATURE_VOLCANO,3246
1502-02=,-0.171,-78.598,FEATURE_VOLCANO,4784
1502-041,-0.659,-78.714,FEATURE_VOLCANO,5248
1502-004,0.258,-78.183,FEATURE_VOLCANO,4609
1502-081,-1.78,-78.613,FEATURE_VOLCANO,3336
1502-005,0.13,-78.27,FEATURE_VOLCANO,4263
1502-011,0.038,-78.463,FEATURE_VOLCANO,3356
1502-06=,-0.85,-78.9,FEATURE_VOLCANO,3914
1502-01=,-0.077,-77.656,FEATURE_VOLCANO,3562
1502-09=,-2.005,-78.341,FEATURE_VOLCANO,5286
1502-001,0.552,-77.58,FEATURE_VOLCANO,3955
1502-04=,-0.538,-77.626,FEATURE_VOLCANO,3990
1502-08=,-1.467,-78.442,FEATURE_VOLCANO,5023
1403-01=,13.891,-89.786,FEATURE_VOLCANO,2036
1403-071,13.72,-88.77,FEATURE_VOLCANO,700
1403-101,13.428,-88.105,FEATURE_VOLCANO,181
1403-09=,13.478,-88.33,FEATURE_VOLCANO,1300
1403-051,14.02,-89.25,FEATURE_VOLCANO,665
1403-041,13.87,-89.55,FEATURE_VOLCANO,746
1403-11=,13.277,-87.853,FEATURE_VOLCANO,1250
1403-12=,13.22,-87.765,FEATURE_VOLCANO,550
1403-052,13.9,-89.12,FEATURE_VOLCANO,1438
1403-06=,13.672,-89.053,FEATURE_VOLCANO,450
1403-03=,13.813,-89.633,FEATURE_VOLCANO,1950
1403-001,14.27,-89.48,FEATURE_VOLCANO,781
1403-04=,13.853,-89.63,FEATURE_VOLCANO,2381
1403-10=,13.434,-88.269,FEATURE_VOLCANO,2130
1403-05=,13.734,-89.294,FEATURE_VOLCANO,1893
1403-07=,13.595,-88.837,FEATURE_VOLCANO,2182
1403-02=,13.853,-89.63,FEATURE_VOLCANO,2381
1403-002,14.054,-89.631,FEATURE_VOLCANO,926
1403-072,13.435,-88.532,FEATURE_VOLCANO,1172
1403-08=,13.494,-88.502,FEATURE_VOLCANO,1593
1403-082,13.47,-88.43,FEATURE_VOLCANO,1640
1403-081,13.419,-88.471,FEATURE_VOLCANO,1449
0201-120,11.75,41.48,FEATURE_VOLCANO,700
0405-02-,-17.32,179.4,FEATURE_VOLCANO,522
0405-01-,-16.82,-179.97,FEATURE_VOLCANO,1241
0405-03-,-19.12,177.98,FEATURE_VOLCANO,805
0100-02-,45.775,2.97,FEATURE_VOLCANO,1464
1503-04=,-0.43,-91.12,FEATURE_VOLCANO,1130
1503-06=,-0.92,-91.408,FEATURE_VOLCANO,1640
1503-03=,-0.18,-91.28,FEATURE_VOLCANO,1330
1503-011,-0.02,-91.546,FEATURE_VOLCANO,790
1503-01=,-0.37,-91.55,FEATURE_VOLCANO,1476
1503-081,0.32,-89.958,FEATURE_VOLCANO,64
1503-08=,0.33,-90.47,FEATURE_VOLCANO,343
1503-05=,-0.83,-91.17,FEATURE_VOLCANO,1124
1503-07=,0.58,-90.75,FEATURE_VOLCANO,780
1503-12-,-0.88,-89.5,FEATURE_VOLCANO,759
1503-091,-0.62,-90.33,FEATURE_VOLCANO,864
1503-09=,-0.22,-90.77,FEATURE_VOLCANO,920
1503-02=,0.02,-91.35,FEATURE_VOLCANO,1710
0104-03-,42.55,44,FEATURE_VOLCANO,3650
0104-02-,42.7,44.5,FEATURE_VOLCANO,5050
0104-05-,41.542,43.7,FEATURE_VOLCANO,3290
0104-04-,42.45,44.25,FEATURE_VOLCANO,3750
0100-01-,50.17,6.85,FEATURE_VOLCANO,600
0102-02=,37.615,23.336,FEATURE_VOLCANO,760
0102-03=,36.699,24.439,FEATURE_VOLCANO,751
0102-05=,36.586,27.16,FEATURE_VOLCANO,698
0102-04=,36.404,25.396,FEATURE_VOLCANO,367
0102-051,36.671,27.14,FEATURE_VOLCANO,180
1402-08=,14.501,-90.876,FEATURE_VOLCANO,3976
1402-10=,14.465,-90.743,FEATURE_VOLCANO,3760
1402-04=,14.797,-91.519,FEATURE_VOLCANO,3173
1402-06=,14.583,-91.186,FEATURE_VOLCANO,3535
1402-15-,14.12,-89.73,FEATURE_VOLCANO,1775
1402-20-,14.83,-89.55,FEATURE_VOLCANO,1192
1402-111,14.33,-90.4,FEATURE_VOLCANO,1454
1402-14-,14.308,-89.992,FEATURE_VOLCANO,1600
1402-09=,14.473,-90.88,FEATURE_VOLCANO,3763
1402-19-,14.55,-89.63,FEATURE_VOLCANO,1650
1402-18-,14.42,-89.68,FEATURE_VOLCANO,1292
1402-121,14.34,-90.271,FEATURE_VOLCANO,1802
1402-13-,14.03,-90.1,FEATURE_VOLCANO,1662
1402-11=,14.382,-90.601,FEATURE_VOLCANO,2569
1402-21-,14.57,-89.45,FEATURE_VOLCANO,1200
1402-03=,14.757,-91.552,FEATURE_VOLCANO,3745
1402-16-,14.33,-89.87,FEATURE_VOLCANO,1192
1402-17-,14.4,-89.78,FEATURE_VOLCANO,2042
1402-141,14.43,-89.9,FEATURE_VOLCANO,1716
1402-02=,15.043,-91.903,FEATURE_VOLCANO,4203
1402-12=,14.156,-90.407,FEATURE_VOLCANO,1845
1402-07=,14.612,-91.189,FEATURE_VOLCANO,3158
0608-072,-0.53,127.48,FEATURE_VOLCANO,1030
0608-073,-0.761,127.725,FEATURE_VOLCANO,932
0608-01=,1.693,127.894,FEATURE_VOLCANO,1229
0608-06=,0.8,127.33,FEATURE_VOLCANO,1715
0608-04=,1.38,127.53,FEATURE_VOLCANO,1635
0608-052,0.9,127.32,FEATURE_VOLCANO,630
0608-03=,1.488,127.63,FEATURE_VOLCANO,1325
0608-051,1.08,127.439,FEATURE_VOLCANO,993
0608-07=,0.32,127.4,FEATURE_VOLCANO,1357
0608-062,0.57,127.4,FEATURE_VOLCANO,308
0608-063,0.454,127.411,FEATURE_VOLCANO,927
0608-001,1.83,127.83,FEATURE_VOLCANO,318
0608-061,0.658,127.4,FEATURE_VOLCANO,1730
0608-071,0.07,127.42,FEATURE_VOLCANO,422
0608-02-,1.63,127.67,FEATURE_VOLCANO,1035
0608-05=,1.25,127.47,FEATURE_VOLCANO,979
1302-06-,20.708,-156.25,FEATURE_VOLCANO,3055
1302-04-,19.692,-155.87,FEATURE_VOLCANO,2523
1302-01-,19.421,-155.287,FEATURE_VOLCANO,1222
1302-00-,18.92,-155.27,FEATURE_VOLCANO,-975
1302-03-,19.82,-155.47,FEATURE_VOLCANO,4205
1302-02=,19.475,-155.608,FEATURE_VOLCANO,4170
1302-09-,23.58,-163.83,FEATURE_VOLCANO,-4000
1302-08-,21.75,-158.75,FEATURE_VOLCANO,-3000
0805-07=,43.384,144.013,FEATURE_VOLCANO,1499
0805-011,41.805,141.166,FEATURE_VOLCANO,618
0805-02=,42.063,140.677,FEATURE_VOLCANO,1131
0805-08=,43.615,144.427,FEATURE_VOLCANO,574
0805-034,42.491,141.16,FEATURE_VOLCANO,549
0805-081,43.572,144.561,FEATURE_VOLCANO,857
0805-031,42.875,140.659,FEATURE_VOLCANO,1308
0805-01=,41.51,139.367,FEATURE_VOLCANO,732
0805-082,44.076,145.122,FEATURE_VOLCANO,1660
0805-041,45.179,141.242,FEATURE_VOLCANO,1721
0805-062,43.28,143.08,FEATURE_VOLCANO,1430
0805-04=,42.688,141.38,FEATURE_VOLCANO,1320
0805-09=,44.133,145.161,FEATURE_VOLCANO,1562
0805-06=,43.664,142.854,FEATURE_VOLCANO,2291
,44.044,145.086,FEATURE_VOLCANO,1046
0805-05=,43.418,142.686,FEATURE_VOLCANO,2077
0805-03=,42.544,140.839,FEATURE_VOLCANO,733
0805-032,42.827,140.812,FEATURE_VOLCANO,1888
1403-13-,13.272,-87.641,FEATURE_VOLCANO,783
1403-16-,16.1,-86.9,FEATURE_VOLCANO,74
1403-15-,14.964,-87.983,FEATURE_VOLCANO,1060
1403-14-,13.33,-87.63,FEATURE_VOLCANO,640
0803-001,34.5,131.6,FEATURE_VOLCANO,641
0803-17=,37.647,140.281,FEATURE_VOLCANO,1728
0803-13=,36.56,139.193,FEATURE_VOLCANO,1828
,36.2,137.573,FEATURE_VOLCANO,2109
0803-23=,39.761,140.799,FEATURE_VOLCANO,1637
0803-26=,39.964,140.757,FEATURE_VOLCANO,1366
0803-11=,36.406,138.523,FEATURE_VOLCANO,2568
0803-18=,37.735,140.244,FEATURE_VOLCANO,1949
0803-16=,37.601,140.072,FEATURE_VOLCANO,1816
0803-22=,39.099,140.049,FEATURE_VOLCANO,2236
0803-03=,35.361,138.728,FEATURE_VOLCANO,3776
0803-25=,39.958,140.854,FEATURE_VOLCANO,1613
0803-28=,40.659,140.877,FEATURE_VOLCANO,1585
0803-02=,35.233,139.021,FEATURE_VOLCANO,1438
0803-05=,36.155,136.771,FEATURE_VOLCANO,2702
0803-122,36.477,138.851,FEATURE_VOLCANO,1449
0803-191,38.599,140.162,FEATURE_VOLCANO,552
0803-131,36.955,139.285,FEATURE_VOLCANO,2356
0803-27=,40.656,140.303,FEATURE_VOLCANO,1625
0803-24=,39.853,141.001,FEATURE_VOLCANO,2038
0803-01=,34.9,139.098,FEATURE_VOLCANO,1406
0803-21=,38.961,140.788,FEATURE_VOLCANO,1627
0803-12=,36.618,138.528,FEATURE_VOLCANO,2165
0803-262,39.95,139.73,FEATURE_VOLCANO,291
0803-08=,36.571,137.59,FEATURE_VOLCANO,2621
0803-10=,36.891,138.114,FEATURE_VOLCANO,2454
0803-141,36.765,139.491,FEATURE_VOLCANO,2486
0803-20=,38.729,140.734,FEATURE_VOLCANO,470
0803-15=,37.125,139.963,FEATURE_VOLCANO,1915
0803-09=,36.921,138.036,FEATURE_VOLCANO,2400
0803-14=,36.799,139.376,FEATURE_VOLCANO,2578
0803-06=,36.106,137.554,FEATURE_VOLCANO,3026
0803-151,37.444,139.566,FEATURE_VOLCANO,835
0803-003,36.176,133.334,FEATURE_VOLCANO,151
0803-142,36.795,139.507,FEATURE_VOLCANO,2341
0803-04=,35.893,137.48,FEATURE_VOLCANO,3067
0803-29=,41.279,141.12,FEATURE_VOLCANO,878
0803-002,35.141,132.622,FEATURE_VOLCANO,1126
0803-121,36.688,138.519,FEATURE_VOLCANO,2041
0803-143,36.9,139.777,FEATURE_VOLCANO,1795
0803-271,40.51,140.88,FEATURE_VOLCANO,1011
0803-071,36.408,137.594,FEATURE_VOLCANO,2924
0803-07=,36.227,137.587,FEATURE_VOLCANO,2455
0803-031,36.087,138.32,FEATURE_VOLCANO,2480
0803-19=,38.144,140.44,FEATURE_VOLCANO,1841
1703-09=,65.833,-17.166,FEATURE_VOLCANO,540
1703-15-,66.3,-17.1,FEATURE_VOLCANO,0
1705-01=,66.67,-18.5,FEATURE_VOLCANO,5
1703-10=,66.309,-17.118,FEATURE_VOLCANO,-75
1703-06=,65.033,-16.783,FEATURE_VOLCANO,1080
1703-03=,64.633,-17.516,FEATURE_VOLCANO,2000
1703-07=,65.416,-16.666,FEATURE_VOLCANO,970
1703-01=,64.416,-17.316,FEATURE_VOLCANO,1719
,65.583,-16.817,FEATURE_VOLCANO,490
1703-08=,65.715,-16.728,FEATURE_VOLCANO,800
1703-05=,64.653,-16.647,FEATURE_VOLCANO,1930
1702-15-,64.42,-17.33,FEATURE_VOLCANO,1725
,64.783,-15.55,FEATURE_VOLCANO,1833
,64.267,-17.617,FEATURE_VOLCANO,1650
1702-18-,64.43,-18.13,FEATURE_VOLCANO,1000
1703-04=,64.75,-17.916,FEATURE_VOLCANO,1523
,-15.333,-176.283,FEATURE_VOLCANO,-1500
1702-02=,63.633,-19.633,FEATURE_VOLCANO,1651
1702-07=,63.983,-19.666,FEATURE_VOLCANO,1490
1701-051,64.083,-21.333,FEATURE_VOLCANO,550
1702-03=,63.633,-19.083,FEATURE_VOLCANO,1490
1702-09-,63.98,-19.7,FEATURE_VOLCANO,1491
1702-10-,64.08,-19.4,FEATURE_VOLCANO,550
1702-08-,63.98,-19.7,FEATURE_VOLCANO,1491
1702-19-,62.27,-17.6,FEATURE_VOLCANO,1659
1702-04=,63.783,-19.716,FEATURE_VOLCANO,1464
1702-05=,63.892,-19.122,FEATURE_VOLCANO,1280
1702-01=,63.416,-20.266,FEATURE_VOLCANO,283
1704-02=,64.25,-16.583,FEATURE_VOLCANO,1620
1704-01=,64.05,-16.633,FEATURE_VOLCANO,2010
1701-04=,63.933,-21.783,FEATURE_VOLCANO,610
,63.733,-23,FEATURE_VOLCANO,70
1701-06=,64.05,-20.883,FEATURE_VOLCANO,200
1701-05=,64.083,-21.416,FEATURE_VOLCANO,803
1701-09=,64.833,-18.766,FEATURE_VOLCANO,1765
1701-17-,63.98,-21.42,FEATURE_VOLCANO,301
1701-03=,63.883,-22.083,FEATURE_VOLCANO,360
1701-08=,64.85,-19.7,FEATURE_VOLCANO,1100
1701-07=,64.583,-20.666,FEATURE_VOLCANO,1385
1701-02=,63.85,-22.566,FEATURE_VOLCANO,140
1701-01=,63.67,-23.33,FEATURE_VOLCANO,80
1700-02=,64.866,-23.283,FEATURE_VOLCANO,986
1700-03=,64.9,-22.483,FEATURE_VOLCANO,1063
1700-01=,64.8,-23.783,FEATURE_VOLCANO,1446
0305-01=,11.75,80.75,FEATURE_VOLCANO,0
0304-03-,-46.43,52.2,FEATURE_VOLCANO,1090
0304-02=,-49.58,69.5,FEATURE_VOLCANO,1840
0304-01=,-53.106,73.513,FEATURE_VOLCANO,2745
0304-001,-37.83,77.52,FEATURE_VOLCANO,881
0304-05-,-46.1,50.23,FEATURE_VOLCANO,775
0304-011,-53.03,72.6,FEATURE_VOLCANO,230
0304-04-,-46.42,51.75,FEATURE_VOLCANO,934
0304-06-,-46.63,37.95,FEATURE_VOLCANO,672
0304-002,-38.72,77.53,FEATURE_VOLCANO,268
0304-07-,-46.9,37.75,FEATURE_VOLCANO,1230
0303-001,-11.47,43.33,FEATURE_VOLCANO,1087
0303-01=,-11.75,43.38,FEATURE_VOLCANO,2361
,-12.83,45.17,FEATURE_VOLCANO,660
0303-02=,-21.244,55.708,FEATURE_VOLCANO,2632
0304-00-,-37.721,77.825,FEATURE_VOLCANO,-650
0602-00=,-6.102,105.423,FEATURE_VOLCANO,155
0302-03-,28.07,60,FEATURE_VOLCANO,3490
0302-01-,35.951,52.109,FEATURE_VOLCANO,5670
0302-04-,28.17,60.67,FEATURE_VOLCANO,1500
0302-02-,29.4,57.57,FEATURE_VOLCANO,0
0302-002,38.268,47.835,FEATURE_VOLCANO,4784
0302-001,37.75,46.43,FEATURE_VOLCANO,3707
0302-05-,28.6,61.13,FEATURE_VOLCANO,3940
0302-00-,39.25,45.167,FEATURE_VOLCANO,
0101-01=,40.827,14.139,FEATURE_VOLCANO,458
0101-07=,37.1,12.7,FEATURE_VOLCANO,-8
0101-004,41.73,12.7,FEATURE_VOLCANO,949
0101-06=,37.748,14.999,FEATURE_VOLCANO,3320
0101-03=,40.73,13.897,FEATURE_VOLCANO,789
0101-001,43.25,10.87,FEATURE_VOLCANO,500
0101-042,38.49,14.933,FEATURE_VOLCANO,590
,39.284,14.399,FEATURE_VOLCANO,-779
0101-031,39.48,14.83,FEATURE_VOLCANO,-70
0101-041,38.638,15.064,FEATURE_VOLCANO,399
0101-071,36.77,12.02,FEATURE_VOLCANO,836
0101-04=,38.789,15.213,FEATURE_VOLCANO,924
0101-02=,40.821,14.426,FEATURE_VOLCANO,1281
0101-05=,38.404,14.962,FEATURE_VOLCANO,500
0101-003,42.6,11.93,FEATURE_VOLCANO,800
0804-06=,32.458,139.759,FEATURE_VOLCANO,423
0804-095,27.68,140.8,FEATURE_VOLCANO,-590
0804-05=,33.137,139.766,FEATURE_VOLCANO,854
0804-01=,34.724,139.394,FEATURE_VOLCANO,758
0804-09=,30.484,140.303,FEATURE_VOLCANO,394
0804-061,32.1,139.85,FEATURE_VOLCANO,-360
0804-03=,34.219,139.153,FEATURE_VOLCANO,572
0804-042,33.4,139.68,FEATURE_VOLCANO,-107
0804-041,33.874,139.602,FEATURE_VOLCANO,851
0804-04=,34.094,139.526,FEATURE_VOLCANO,775
0804-094,28.327,140.572,FEATURE_VOLCANO,-933
0804-07=,31.888,139.918,FEATURE_VOLCANO,11
0804-02=,34.397,139.27,FEATURE_VOLCANO,432
0804-091,29.794,140.342,FEATURE_VOLCANO,99
0804-08=,31.44,140.051,FEATURE_VOLCANO,136
0804-011,34.52,139.279,FEATURE_VOLCANO,508
0805-061,43.418,143.031,FEATURE_VOLCANO,2013
0603-29=,-7.733,112.575,FEATURE_VOLCANO,3339
0603-351,-7.85,114.37,FEATURE_VOLCANO,1247
0603-17=,-6.895,108.408,FEATURE_VOLCANO,3039
0603-20=,-7.2,109.879,FEATURE_VOLCANO,2565
0603-14=,-7.25,108.058,FEATURE_VOLCANO,2168
0603-06=,-6.77,106.965,FEATURE_VOLCANO,3008
0603-13=,-7.143,107.84,FEATURE_VOLCANO,2249
0603-35=,-8.058,114.242,FEATURE_VOLCANO,2769
0603-33=,-7.97,113.57,FEATURE_VOLCANO,3088
0603-16=,-7.12,108.08,FEATURE_VOLCANO,1155
0603-02=,-6.268,106.05,FEATURE_VOLCANO,1768
0603-281,-7.92,112.45,FEATURE_VOLCANO,2651
0603-28=,-7.93,112.308,FEATURE_VOLCANO,1731
0603-11=,-7.245,107.709,FEATURE_VOLCANO,2594
0603-03=,-6.73,106.65,FEATURE_VOLCANO,1511
0603-32=,-7.981,113.341,FEATURE_VOLCANO,1641
0603-26=,-7.625,111.192,FEATURE_VOLCANO,3265
0603-321,-7.7,113.58,FEATURE_VOLCANO,539
0603-081,-7.13,107.65,FEATURE_VOLCANO,2343
0603-292,-8.02,112.68,FEATURE_VOLCANO,680
0603-25=,-7.54,110.446,FEATURE_VOLCANO,2910
0603-24=,-7.454,110.44,FEATURE_VOLCANO,3118
0603-251,-6.62,110.88,FEATURE_VOLCANO,1625
0603-10=,-7.32,107.73,FEATURE_VOLCANO,2665
0603-07=,-7.162,107.4,FEATURE_VOLCANO,2422
0603-291,-7.616,112.62,FEATURE_VOLCANO,1631
0603-04=,-6.75,106.7,FEATURE_VOLCANO,1699
0603-01=,-6.343,105.978,FEATURE_VOLCANO,1324
0603-34=,-8.119,114.056,FEATURE_VOLCANO,3260
0603-05=,-6.72,106.73,FEATURE_VOLCANO,2211
0603-30=,-8.108,112.922,FEATURE_VOLCANO,3657
0603-18=,-7.242,109.208,FEATURE_VOLCANO,3428
0603-22=,-7.384,110.07,FEATURE_VOLCANO,3371
0603-21=,-7.3,109.992,FEATURE_VOLCANO,3136
0603-15=,-7.208,108.07,FEATURE_VOLCANO,2201
0603-131,-6.77,107.95,FEATURE_VOLCANO,1684
0603-09=,-6.77,107.6,FEATURE_VOLCANO,2084
0603-231,-7.362,110.4,FEATURE_VOLCANO,1864
0603-31=,-7.942,112.95,FEATURE_VOLCANO,2329
0603-23=,-7.18,110.33,FEATURE_VOLCANO,2050
0603-08=,-7.208,107.63,FEATURE_VOLCANO,2182
0603-27=,-7.808,111.758,FEATURE_VOLCANO,2563
1000-125,53.98,159.45,FEATURE_VOLCANO,1180
1000-32-,55.43,158.65,FEATURE_VOLCANO,1956
1000-45-,56.656,159.647,FEATURE_VOLCANO,2570
1000-60-,57.702,160.418,FEATURE_VOLCANO,1822
1000-39-,56.32,158.83,FEATURE_VOLCANO,1828
1000-058,52.355,157.827,FEATURE_VOLCANO,1910
1000-10=,53.256,158.836,FEATURE_VOLCANO,2717
1000-123,53.905,158.07,FEATURE_VOLCANO,2278
1000-084,52.802,158.24,FEATURE_VOLCANO,874
1000-042,51.75,157.27,FEATURE_VOLCANO,892
1000-64-,57.88,160.53,FEATURE_VOLCANO,2080
1000-25=,55.972,160.595,FEATURE_VOLCANO,2882
1000-49-,56.97,159.78,FEATURE_VOLCANO,1244
1000-552,57.35,161.37,FEATURE_VOLCANO,265
1000-087,52.9,157.78,FEATURE_VOLCANO,1200
1000-30-,55.88,157.78,FEATURE_VOLCANO,1906
1000-15=,54.32,160.02,FEATURE_VOLCANO,1720
1000-36-,56.483,157.917,FEATURE_VOLCANO,1401
1000-46-,56.82,159.67,FEATURE_VOLCANO,1778
1000-273,55.55,157.47,FEATURE_VOLCANO,1868
1000-022,51.452,156.978,FEATURE_VOLCANO,1040
1000-11=,53.637,158.922,FEATURE_VOLCANO,2285
1000-42-,56.57,158.52,FEATURE_VOLCANO,1046
1000-59-,57.55,160.53,FEATURE_VOLCANO,1381
1000-51-,57.13,160.4,FEATURE_VOLCANO,965
1000-21=,54.974,160.703,FEATURE_VOLCANO,2539
1000-38-,56.33,158.67,FEATURE_VOLCANO,1170
1000-057,52.263,157.787,FEATURE_VOLCANO,858
1000-07=,52.559,158.03,FEATURE_VOLCANO,1799
1000-53-,57.33,160.2,FEATURE_VOLCANO,2125
1000-28=,55.678,157.718,FEATURE_VOLCANO,3596
1000-71-,58.4,161.08,FEATURE_VOLCANO,1340
1000-67-,58.08,160.77,FEATURE_VOLCANO,2300
1000-03=,51.498,157.203,FEATURE_VOLCANO,1555
1000-62-,57.8,160.67,FEATURE_VOLCANO,1582
1000-01=,51.306,156.875,FEATURE_VOLCANO,2116
1000-251,56.02,160.593,FEATURE_VOLCANO,4585
1000-13=,54.049,159.443,FEATURE_VOLCANO,1513
1000-50-,57.1,159.93,FEATURE_VOLCANO,1527
1000-41-,56.4,158.85,FEATURE_VOLCANO,1377
1000-041,51.65,157.35,FEATURE_VOLCANO,900
1000-272,54.761,157.407,FEATURE_VOLCANO,1967
1000-053,52.062,157.711,FEATURE_VOLCANO,2039
1000-18=,54.489,160.251,FEATURE_VOLCANO,1515
1000-551,57.35,160.97,FEATURE_VOLCANO,583
1000-23=,55.131,160.32,FEATURE_VOLCANO,2334
1000-26=,56.056,160.642,FEATURE_VOLCANO,4754
1000-22=,55.033,160.725,FEATURE_VOLCANO,2065
1000-09=,53.321,158.712,FEATURE_VOLCANO,3430
1000-02=,51.356,156.753,FEATURE_VOLCANO,1822
1000-122,53.83,158.05,FEATURE_VOLCANO,1150
1000-33-,55.58,158.38,FEATURE_VOLCANO,2016
1000-40-,56.37,159.03,FEATURE_VOLCANO,1554
1000-19=,54.596,160.27,FEATURE_VOLCANO,1816
1000-20=,54.753,160.533,FEATURE_VOLCANO,3482
1000-05=,51.844,157.572,FEATURE_VOLCANO,1079
1000-37-,56.37,158.37,FEATURE_VOLCANO,915
1000-023,51.45,157.12,FEATURE_VOLCANO,81
1000-54-,57.306,159.827,FEATURE_VOLCANO,1318
1000-29-,55.82,157.98,FEATURE_VOLCANO,1802
1000-14=,54.135,159.674,FEATURE_VOLCANO,1527
1000-001,51.1,156.72,FEATURE_VOLCANO,503
1000-57-,57.47,160.25,FEATURE_VOLCANO,1641
1000-06=,52.449,158.196,FEATURE_VOLCANO,2288
1000-65-,57.97,160.65,FEATURE_VOLCANO,1764
1000-052,52.02,157.53,FEATURE_VOLCANO,681
1000-08=,52.543,157.339,FEATURE_VOLCANO,2439
1000-055,52.146,157.322,FEATURE_VOLCANO,719
1000-68-,58.18,160.82,FEATURE_VOLCANO,2552
1000-056,52.221,157.435,FEATURE_VOLCANO,814
1000-051,51.88,157.38,FEATURE_VOLCANO,562
1000-054,52.113,157.849,FEATURE_VOLCANO,1322
1000-63-,57.83,160.25,FEATURE_VOLCANO,1255
1000-31-,55.2,158.47,FEATURE_VOLCANO,1236
1000-47-,56.85,159.8,FEATURE_VOLCANO,1427
1000-34-,55.65,158.8,FEATURE_VOLCANO,1442
1000-201,54.92,160.63,FEATURE_VOLCANO,2020
1000-52-,57.317,160.067,FEATURE_VOLCANO,1399
1000-70-,58.28,160.87,FEATURE_VOLCANO,1936
1000-27=,56.653,161.36,FEATURE_VOLCANO,3283
1000-511,57.153,161.09,FEATURE_VOLCANO,355
1000-58-,57.45,160.37,FEATURE_VOLCANO,2525
1000-69-,58.2,160.97,FEATURE_VOLCANO,2169
1000-66-,58.02,160.8,FEATURE_VOLCANO,2169
1000-671,58.13,160.82,FEATURE_VOLCANO,2171
1000-16-,54.528,159.804,FEATURE_VOLCANO,2301
1000-512,57.2,159.83,FEATURE_VOLCANO,765
1000-56-,57.406,160.108,FEATURE_VOLCANO,1523
1000-24=,55.832,160.326,FEATURE_VOLCANO,3611
1000-082,52.63,157.58,FEATURE_VOLCANO,1021
1000-55-,57.32,159.967,FEATURE_VOLCANO,1516
1000-241,55.758,160.527,FEATURE_VOLCANO,2886
1000-61-,57.706,160.59,FEATURE_VOLCANO,1607
1000-35-,56.08,158.38,FEATURE_VOLCANO,1692
1000-232,55.92,161.75,FEATURE_VOLCANO,0
1000-086,52.88,158.3,FEATURE_VOLCANO,700
1000-085,52.92,158.52,FEATURE_VOLCANO,450
1000-081,52.57,157.02,FEATURE_VOLCANO,610
1000-43-,56.82,158.95,FEATURE_VOLCANO,1185
1000-261,56.113,160.509,FEATURE_VOLCANO,3943
1000-17=,54.5,159.97,FEATURE_VOLCANO,1617
1000-121,53.75,158.45,FEATURE_VOLCANO,520
1000-44-,56.52,159.53,FEATURE_VOLCANO,1400
1000-083,52.7,158.28,FEATURE_VOLCANO,2173
1000-059,52.43,157.93,FEATURE_VOLCANO,1234
1000-72-,58.374,160.631,FEATURE_VOLCANO,1103
1000-221,55.064,160.765,FEATURE_VOLCANO,2129
1000-021,51.533,156.629,FEATURE_VOLCANO,646
1000-48-,56.88,159.95,FEATURE_VOLCANO,1349
1000-124,53.905,158.385,FEATURE_VOLCANO,1567
1000-04=,51.577,157.328,FEATURE_VOLCANO,1926
1000-12=,53.589,159.15,FEATURE_VOLCANO,2899
1000-242,55.862,160.603,FEATURE_VOLCANO,3057
1000-271,55.42,167.33,FEATURE_VOLCANO,-300
0402-02=,-30.23,-178.92,FEATURE_VOLCANO,-2000
0402-01=,-30.543,-178.556,FEATURE_VOLCANO,47
0402-022,-30.036,-178.712,FEATURE_VOLCANO,-65
,-31.08,-179.033,FEATURE_VOLCANO,-897
0402-021,-30.21,-178.475,FEATURE_VOLCANO,238
0402-05-,-25.887,-177.188,FEATURE_VOLCANO,-132
0402-03=,-29.27,-177.92,FEATURE_VOLCANO,516
0402-04=,-29.18,-177.87,FEATURE_VOLCANO,-560
0402-001,-31.85,-179.18,FEATURE_VOLCANO,-900
1006-02-,38.33,127.33,FEATURE_VOLCANO,452
1006-01-,41.33,128,FEATURE_VOLCANO,0
1006-04-,33.361,126.53,FEATURE_VOLCANO,1919
1006-03-,37.5,130.87,FEATURE_VOLCANO,984
0900-39=,50.861,155.565,FEATURE_VOLCANO,2285
0900-04=,44.462,146.932,FEATURE_VOLCANO,1221
0900-03=,44.353,146.252,FEATURE_VOLCANO,1822
0900-36=,50.324,155.461,FEATURE_VOLCANO,1781
0900-26=,48.98,153.48,FEATURE_VOLCANO,724
0900-09=,45.338,147.92,FEATURE_VOLCANO,1587
0900-15=,46.532,150.871,FEATURE_VOLCANO,742
0900-38=,50.686,156.014,FEATURE_VOLCANO,1103
0900-27=,48.958,153.93,FEATURE_VOLCANO,1170
0900-05=,44.808,147.131,FEATURE_VOLCANO,1206
0900-07=,45.012,147.871,FEATURE_VOLCANO,1158
0900-34=,50.267,155.246,FEATURE_VOLCANO,1742
0900-17=,46.83,151.75,FEATURE_VOLCANO,891
0900-111,45.77,149.68,FEATURE_VOLCANO,1426
0900-35=,50.148,155.373,FEATURE_VOLCANO,1326
0900-20=,47.35,152.475,FEATURE_VOLCANO,1172
0900-30=,49.12,154.508,FEATURE_VOLCANO,1145
0900-12=,46.042,150.083,FEATURE_VOLCANO,1328
0900-351,50.25,155.43,FEATURE_VOLCANO,1681
0900-161,46.815,151.786,FEATURE_VOLCANO,1504
0900-041,44.608,146.994,FEATURE_VOLCANO,528
0900-10=,45.389,148.838,FEATURE_VOLCANO,1124
0900-32=,49.57,154.808,FEATURE_VOLCANO,1018
0900-06-,44.833,147.342,FEATURE_VOLCANO,1634
,45.028,147.918,FEATURE_VOLCANO,1208
0900-19=,47.02,152.12,FEATURE_VOLCANO,1360
0900-25=,48.292,153.25,FEATURE_VOLCANO,551
0900-11-,45.5,148.85,FEATURE_VOLCANO,1205
0900-22=,47.77,153.02,FEATURE_VOLCANO,956
0900-02=,43.979,145.733,FEATURE_VOLCANO,882
0900-091,45.25,148.35,FEATURE_VOLCANO,442
0900-112,45.874,149.819,FEATURE_VOLCANO,532
0900-021,44.454,146.139,FEATURE_VOLCANO,1486
0900-24=,48.092,153.2,FEATURE_VOLCANO,1496
0900-08=,45.1,148.019,FEATURE_VOLCANO,1125
0900-331,50.2,154.98,FEATURE_VOLCANO,761
0900-29=,48.873,154.182,FEATURE_VOLCANO,911
0900-211,47.6,152.92,FEATURE_VOLCANO,36
0900-31=,49.35,154.7,FEATURE_VOLCANO,1325
0900-01=,43.844,145.504,FEATURE_VOLCANO,535
0900-113,45.93,149.92,FEATURE_VOLCANO,998
0900-16-,46.47,151.28,FEATURE_VOLCANO,-502
0900-13-,46.1,150.5,FEATURE_VOLCANO,-100
0900-061,45.022,147.019,FEATURE_VOLCANO,-195
0900-23=,48.08,153.33,FEATURE_VOLCANO,-150
0900-191,47.12,152.25,FEATURE_VOLCANO,678
0900-21=,47.52,152.8,FEATURE_VOLCANO,401
0900-37-,50.55,155.97,FEATURE_VOLCANO,1183
0900-18=,46.925,151.95,FEATURE_VOLCANO,624
0802-08=,31.593,130.657,FEATURE_VOLCANO,1117
0802-11=,32.884,131.104,FEATURE_VOLCANO,1592
0802-07=,31.22,130.57,FEATURE_VOLCANO,924
0802-091,32.657,128.849,FEATURE_VOLCANO,315
0802-09=,31.934,130.862,FEATURE_VOLCANO,1700
0802-12=,33.086,131.249,FEATURE_VOLCANO,1791
0802-10=,32.761,130.299,FEATURE_VOLCANO,1483
0802-081,31.771,130.592,FEATURE_VOLCANO,40
0802-13=,33.282,131.39,FEATURE_VOLCANO,1584
0604-02=,-8.343,115.508,FEATURE_VOLCANO,2997
0604-01=,-8.242,115.375,FEATURE_VOLCANO,1717
0604-001,-8.283,115.133,FEATURE_VOLCANO,2244
0604-10=,-8.817,121.191,FEATURE_VOLCANO,2096
0604-16=,-8.676,122.455,FEATURE_VOLCANO,1661
0604-22=,-8.342,123.258,FEATURE_VOLCANO,1659
0604-24=,-8.55,123.38,FEATURE_VOLCANO,1018
0604-17=,-8.479,122.761,FEATURE_VOLCANO,881
0604-25=,-8.53,123.57,FEATURE_VOLCANO,1018
0604-09=,-8.73,120.98,FEATURE_VOLCANO,1559
0604-08=,-8.875,120.95,FEATURE_VOLCANO,2245
0604-11=,-8.891,121.641,FEATURE_VOLCANO,618
0604-14=,-8.77,121.82,FEATURE_VOLCANO,1639
0604-20=,-8.365,122.833,FEATURE_VOLCANO,1095
0604-18=,-8.542,122.775,FEATURE_VOLCANO,1703
0604-19=,-8.575,122.78,FEATURE_VOLCANO,1703
0604-23=,-8.274,123.508,FEATURE_VOLCANO,1431
0604-13=,-8.72,121.78,FEATURE_VOLCANO,750
0604-15=,-8.32,121.708,FEATURE_VOLCANO,875
0604-07=,-8.68,120.48,FEATURE_VOLCANO,1675
0604-071,-8.62,120.52,FEATURE_VOLCANO,2350
0604-03=,-8.42,116.47,FEATURE_VOLCANO,3726
0604-05=,-8.2,119.07,FEATURE_VOLCANO,1912
0604-06=,-8.724,119.986,FEATURE_VOLCANO,1319
0604-27=,-8.508,124.13,FEATURE_VOLCANO,862
0604-12=,-8.792,121.77,FEATURE_VOLCANO,1500
0604-04=,-8.25,118,FEATURE_VOLCANO,2850
0604-26=,-7.791,123.585,FEATURE_VOLCANO,633
0604-28=,-7.53,123.95,FEATURE_VOLCANO,-3800
0704-03=,19.523,121.94,FEATURE_VOLCANO,1080
0704-01=,18.83,121.86,FEATURE_VOLCANO,712
0704-02=,19.077,122.202,FEATURE_VOLCANO,228
0704-06-,20.469,122.01,FEATURE_VOLCANO,1009
0704-04=,19.523,121.94,FEATURE_VOLCANO,2090
0704-05=,20.33,121.75,FEATURE_VOLCANO,-24
0703-088,17.32,121.1,FEATURE_VOLCANO,2329
0703-085,15.828,120.805,FEATURE_VOLCANO,376
0703-084,15.2,120.742,FEATURE_VOLCANO,1026
0703-05=,14.07,121.48,FEATURE_VOLCANO,2158
0703-01=,12.769,124.056,FEATURE_VOLCANO,1535
0703-09=,18.222,122.123,FEATURE_VOLCANO,1133
0703-041,13.458,123.451,FEATURE_VOLCANO,1138
0703-042,13.658,123.38,FEATURE_VOLCANO,1966
0703-08=,14.42,121.27,FEATURE_VOLCANO,743
0703-04=,13.422,123.597,FEATURE_VOLCANO,1548
0703-044,13.24,122.018,FEATURE_VOLCANO,1157
0703-081,14.527,120.482,FEATURE_VOLCANO,1388
0703-031,13.32,123.6,FEATURE_VOLCANO,1328
0703-03=,13.257,123.685,FEATURE_VOLCANO,2462
0703-082,14.72,120.4,FEATURE_VOLCANO,1253
0703-087,17.147,120.98,FEATURE_VOLCANO,1865
0703-083,15.13,120.35,FEATURE_VOLCANO,1486
0703-02=,13.05,123.958,FEATURE_VOLCANO,1102
0703-06=,14.12,121.3,FEATURE_VOLCANO,1090
0703-086,16.33,120.55,FEATURE_VOLCANO,2260
0703-07=,14.002,120.993,FEATURE_VOLCANO,311
0303-011,-12.6,49.15,FEATURE_VOLCANO,1475
0303-013,-14.3,48.67,FEATURE_VOLCANO,2878
0303-014,-19.033,46.7,FEATURE_VOLCANO,1800
0303-012,-13.32,48.48,FEATURE_VOLCANO,214
0303-015,-19.85,46.942,FEATURE_VOLCANO,2644
0804-16=,18.77,145.67,FEATURE_VOLCANO,965
0804-141,20.42,145.03,FEATURE_VOLCANO,-75
0804-18=,17.6,145.83,FEATURE_VOLCANO,744
0804-20=,16.35,145.67,FEATURE_VOLCANO,790
0804-15=,19.671,145.406,FEATURE_VOLCANO,857
0804-201,15.93,145.67,FEATURE_VOLCANO,-127
0804-21=,15,145.25,FEATURE_VOLCANO,-43
0804-14=,20.546,144.893,FEATURE_VOLCANO,337
0804-22-,13.4,143.92,FEATURE_VOLCANO,-1456
0804-19=,17.307,145.845,FEATURE_VOLCANO,287
0804-135,21.6,143.637,FEATURE_VOLCANO,-274
,15.406,144.506,FEATURE_VOLCANO,-4100
0804-143,20.02,145.22,FEATURE_VOLCANO,227
0804-136,21.485,144.043,FEATURE_VOLCANO,-1535
0804-211,14.601,144.775,FEATURE_VOLCANO,-517
0804-17=,18.13,145.8,FEATURE_VOLCANO,570
0804-202,15.62,145.57,FEATURE_VOLCANO,-230
0804-192,16.708,145.78,FEATURE_VOLCANO,538
0804-23-,13.25,144.02,FEATURE_VOLCANO,-1230
,16.58,145.78,FEATURE_VOLCANO,-184
0804-142,20.13,145.1,FEATURE_VOLCANO,-8
0804-138,21,142.9,FEATURE_VOLCANO,
0804-139,20.3,143.2,FEATURE_VOLCANO,
0804-191,16.88,145.85,FEATURE_VOLCANO,0
1401-094,19.809,-96.526,FEATURE_VOLCANO,800
1401-03=,21.125,-104.508,FEATURE_VOLCANO,2280
1401-08=,19.08,-99.13,FEATURE_VOLCANO,3930
1401-12=,17.36,-93.228,FEATURE_VOLCANO,1150
1401-096,19.492,-97.15,FEATURE_VOLCANO,4282
1401-04=,19.514,-103.62,FEATURE_VOLCANO,3850
1401-012,26,-111.92,FEATURE_VOLCANO,780
1401-005,29.08,-113.513,FEATURE_VOLCANO,440
1401-098,19.15,-97.27,FEATURE_VOLCANO,3940
1401-022,24.15,-104.45,FEATURE_VOLCANO,2075
1401-097,19.33,-97.25,FEATURE_VOLCANO,3500
1401-006,29.07,-118.28,FEATURE_VOLCANO,1100
1401-093,19.68,-97.45,FEATURE_VOLCANO,3150
1401-023,21.848,-105.886,FEATURE_VOLCANO,95
1401-082,19.179,-98.642,FEATURE_VOLCANO,5230
1401-004,29.33,-114.5,FEATURE_VOLCANO,960
1401-062,19.73,-99.758,FEATURE_VOLCANO,3900
1401-091,19.231,-98.032,FEATURE_VOLCANO,4461
1401-031,20.62,-104.83,FEATURE_VOLCANO,2560
1401-06=,19.85,-101.75,FEATURE_VOLCANO,3860
1401-095,19.67,-96.75,FEATURE_VOLCANO,2000
1401-10=,19.03,-97.27,FEATURE_VOLCANO,5564
1401-081,19.308,-98.7,FEATURE_VOLCANO,3600
1401-05=,19.48,-102.25,FEATURE_VOLCANO,3860
1401-001,31.772,-113.498,FEATURE_VOLCANO,1200
1401-09=,19.023,-98.622,FEATURE_VOLCANO,5393
1401-00-,32.418,-115.305,FEATURE_VOLCANO,223
1401-007,28.5,-113.75,FEATURE_VOLCANO,1360
1401-003,29.97,-114.4,FEATURE_VOLCANO,180
1401-11=,18.57,-95.2,FEATURE_VOLCANO,1650
1401-002,30.468,-115.996,FEATURE_VOLCANO,260
1401-024,21.45,-104.73,FEATURE_VOLCANO,2340
1401-092,19.27,-97.47,FEATURE_VOLCANO,3485
1401-13=,15.132,-92.109,FEATURE_VOLCANO,4064
1401-07-,19.108,-99.758,FEATURE_VOLCANO,4680
1401-011,27.438,-111.881,FEATURE_VOLCANO,224
1401-01=,27.47,-112.591,FEATURE_VOLCANO,1934
1401-008,28,-115,FEATURE_VOLCANO,0
1401-061,19.4,-100.25,FEATURE_VOLCANO,3500
1401-02=,19.3,-110.82,FEATURE_VOLCANO,332
1401-021,18.78,-110.95,FEATURE_VOLCANO,1050
0701-03=,6.989,125.269,FEATURE_VOLCANO,2938
0701-072,8.8,124.92,FEATURE_VOLCANO,2450
0701-01=,5.4,125.375,FEATURE_VOLCANO,862
0701-08=,9.203,124.673,FEATURE_VOLCANO,1552
0701-061,7.95,124.8,FEATURE_VOLCANO,2824
0701-05=,7.65,124.47,FEATURE_VOLCANO,2338
0701-031,7.382,126.047,FEATURE_VOLCANO,1080
0701-04=,7.644,124.317,FEATURE_VOLCANO,1818
0701-071,8.22,123.63,FEATURE_VOLCANO,2404
0701-02=,6.37,125.07,FEATURE_VOLCANO,2286
0701-07=,7.877,125.068,FEATURE_VOLCANO,646
0701-09-,9.593,125.52,FEATURE_VOLCANO,524
0701-011,6.113,124.892,FEATURE_VOLCANO,1824
0701-06=,7.691,124.507,FEATURE_VOLCANO,2790
1003-03-,47.12,109.08,FEATURE_VOLCANO,1162
1003-04-,45.754,114.279,FEATURE_VOLCANO,1778
1003-02-,48.67,102.75,FEATURE_VOLCANO,1886
1003-05-,45.28,106.7,FEATURE_VOLCANO,1120
1003-01-,48.133,99.95,FEATURE_VOLCANO,2326
0502-11=,-5.2,151.23,FEATURE_VOLCANO,2248
0502-05=,-5.141,150.038,FEATURE_VOLCANO,1116
0502-04=,-5.094,150.094,FEATURE_VOLCANO,408
0502-03=,-4.687,149.511,FEATURE_VOLCANO,368
0502-06=,-5.3,150.07,FEATURE_VOLCANO,565
0502-10=,-5.33,151.1,FEATURE_VOLCANO,1148
0502-07=,-5.416,150.027,FEATURE_VOLCANO,564
0502-01=,-5.525,148.42,FEATURE_VOLCANO,1330
0502-071,-5.466,150.509,FEATURE_VOLCANO,796
0502-13=,-4.92,151.158,FEATURE_VOLCANO,858
0502-021,-4.624,149.339,FEATURE_VOLCANO,171
0502-14=,-4.271,152.203,FEATURE_VOLCANO,688
0502-09=,-5.5,150.942,FEATURE_VOLCANO,610
0502-15-,-4.12,152.2,FEATURE_VOLCANO,200
0502-12=,-5.05,151.33,FEATURE_VOLCANO,2334
0502-131,-4.75,150.85,FEATURE_VOLCANO,0
0502-001,-5.2,148.57,FEATURE_VOLCANO,0
0502-08=,-5.576,150.516,FEATURE_VOLCANO,724
0503-001,-6.58,145.08,FEATURE_VOLCANO,3233
0503-00-,-5.9,143.15,FEATURE_VOLCANO,3568
0503-011,-9,148.37,FEATURE_VOLCANO,1915
0503-003,-7.33,146.708,FEATURE_VOLCANO,1500
0503-01=,-8.95,148.15,FEATURE_VOLCANO,1680
0503-004,-9.2,147.57,FEATURE_VOLCANO,850
0503-021,-9.08,148.33,FEATURE_VOLCANO,1342
0503-02=,-9.308,148.13,FEATURE_VOLCANO,808
0503-031,-9.48,149.13,FEATURE_VOLCANO,370
0503-03=,-9.2,149.07,FEATURE_VOLCANO,1925
0503-04=,-9.57,149.075,FEATURE_VOLCANO,640
0503-002,-7.05,145.858,FEATURE_VOLCANO,3384
0501-01=,-3.613,144.818,FEATURE_VOLCANO,685
0501-001,-3.507,144.605,FEATURE_VOLCANO,402
0501-011,-3.994,144.963,FEATURE_VOLCANO,240
0501-041,-4.883,146.717,FEATURE_VOLCANO,-5
0501-002,-3.608,144.588,FEATURE_VOLCANO,365
0501-03=,-4.649,145.964,FEATURE_VOLCANO,1839
0501-05=,-5.358,147.12,FEATURE_VOLCANO,1280
0501-02=,-4.08,145.037,FEATURE_VOLCANO,1807
0501-07=,-5.519,148.115,FEATURE_VOLCANO,75
0501-08=,-5.414,148.094,FEATURE_VOLCANO,992
0501-06=,-5.589,147.875,FEATURE_VOLCANO,1548
0501-04=,-4.311,146.256,FEATURE_VOLCANO,-2000
0504-02=,-4.08,153.65,FEATURE_VOLCANO,450
0504-01=,-3.125,152.642,FEATURE_VOLCANO,700
0401-02=,-36.9,174.87,FEATURE_VOLCANO,260
0401-15-,-34.875,179.075,FEATURE_VOLCANO,-1350
0401-101,-36.446,177.839,FEATURE_VOLCANO,-860
0401-14-,-35.004,178.973,FEATURE_VOLCANO,-980
0401-01=,-35.3,173.9,FEATURE_VOLCANO,388
0401-061,-38.42,176.08,FEATURE_VOLCANO,897
0401-021,-37.28,176.25,FEATURE_VOLCANO,355
0401-09=,-39.158,175.63,FEATURE_VOLCANO,2291
0401-05=,-38.12,176.5,FEATURE_VOLCANO,1111
0401-06-,-38.42,176.33,FEATURE_VOLCANO,592
0401-10=,-39.28,175.57,FEATURE_VOLCANO,2797
0401-131,-35.353,178.527,FEATURE_VOLCANO,-1200
0401-13-,-35.745,178.478,FEATURE_VOLCANO,-220
0401-12-,-36.13,178.05,FEATURE_VOLCANO,-500
0401-11-,-36.142,178.196,FEATURE_VOLCANO,-400
0401-102,-36.321,178.028,FEATURE_VOLCANO,-600
0401-03=,-39.3,174.07,FEATURE_VOLCANO,2518
0401-07=,-38.82,176,FEATURE_VOLCANO,760
0401-08=,-39.157,175.632,FEATURE_VOLCANO,1978
0401-04=,-37.52,177.18,FEATURE_VOLCANO,294
0401-011,-35.75,174.27,FEATURE_VOLCANO,397
1404-091,12.242,-86.342,FEATURE_VOLCANO,518
1404-14-,12.53,-83.87,FEATURE_VOLCANO,201
1404-132,12.53,-86.142,FEATURE_VOLCANO,603
1404-12=,11.538,-85.622,FEATURE_VOLCANO,1700
1404-01=,12.98,-87.57,FEATURE_VOLCANO,872
1404-131,13.17,-86.4,FEATURE_VOLCANO,899
1404-101,11.92,-85.98,FEATURE_VOLCANO,300
1404-133,12.3,-85.73,FEATURE_VOLCANO,926
1404-13-,11.446,-85.515,FEATURE_VOLCANO,1394
1404-10=,11.985,-86.165,FEATURE_VOLCANO,594
1404-11=,11.826,-85.968,FEATURE_VOLCANO,1344
1404-09=,12.423,-86.539,FEATURE_VOLCANO,1270
1404-07=,12.506,-86.702,FEATURE_VOLCANO,728
1404-092,12.12,-86.32,FEATURE_VOLCANO,360
1404-08=,12.495,-86.688,FEATURE_VOLCANO,1088
1404-06-,12.55,-86.75,FEATURE_VOLCANO,832
1404-02=,12.702,-87.004,FEATURE_VOLCANO,1745
1404-04=,12.606,-86.84,FEATURE_VOLCANO,1036
1404-111,11.73,-85.82,FEATURE_VOLCANO,629
1303-02-,0.792,-86.15,FEATURE_VOLCANO,-2430
1304-07-,0.792,-86.15,FEATURE_VOLCANO,-2430
1304-04-,10.73,-103.58,FEATURE_VOLCANO,-2900
1304-021,15.83,-105.43,FEATURE_VOLCANO,-2300
,16.55,-105.32,FEATURE_VOLCANO,-2700
1304-05-,9.83,-104.3,FEATURE_VOLCANO,-2500
1304-10-,-8.27,-107.95,FEATURE_VOLCANO,-2800
1304-14-,-18.53,-113.42,FEATURE_VOLCANO,-2600
1304-13-,-18.175,-113.35,FEATURE_VOLCANO,-2650
1304-12-,-17.436,-113.206,FEATURE_VOLCANO,-2566
1303-01-,9.82,-104.3,FEATURE_VOLCANO,-2500
,48.78,-128.64,FEATURE_VOLCANO,-2550
1301-021,45.95,-130,FEATURE_VOLCANO,-1410
1301-02-,44.83,-130.3,FEATURE_VOLCANO,-2140
,46.52,-129.58,FEATURE_VOLCANO,-2400
1301-011,46.88,-129.33,FEATURE_VOLCANO,-2100
,44.267,-129.879,FEATURE_VOLCANO,-3000
1301-01-,47.95,-129.1,FEATURE_VOLCANO,-2050
1301-04-,40.98,-127.5,FEATURE_VOLCANO,-1700
,42.15,-127.05,FEATURE_VOLCANO,-3100
1301-031,42.67,-126.78,FEATURE_VOLCANO,-3000
1301-03-,31.75,-124.25,FEATURE_VOLCANO,-2533
1301-05-,31.75,-124.25,FEATURE_VOLCANO,-2533
1305-01-,-49.683,178.767,FEATURE_VOLCANO,402
1305-02-,-53.998,-139.845,FEATURE_VOLCANO,-1000
1305-03-,-56.153,-143.373,FEATURE_VOLCANO,-5700
1304-02-,-53.9,-140.3,FEATURE_VOLCANO,-1000
1406-01-,8.808,-82.543,FEATURE_VOLCANO,3474
1406-03-,8.58,-80.17,FEATURE_VOLCANO,1185
1504-004,-15.42,-72.33,FEATURE_VOLCANO,4713
1504-001,-15.07,-73.18,FEATURE_VOLCANO,4980
1504-06-,-17.47,-69.813,FEATURE_VOLCANO,5650
1504-007,-16.191,-71.53,FEATURE_VOLCANO,6057
1504-003,-15.52,-72.65,FEATURE_VOLCANO,6377
1504-005,-15.83,-72.13,FEATURE_VOLCANO,4550
1504-03=,-16.608,-70.85,FEATURE_VOLCANO,4850
1504-01=,-16.294,-71.409,FEATURE_VOLCANO,5822
1504-008,-16.261,-71.754,FEATURE_VOLCANO,2525
1504-00-,-14.176,-71.351,FEATURE_VOLCANO,3693
1504-006,-15.787,-71.857,FEATURE_VOLCANO,5960
1504-002,-15.33,-73.45,FEATURE_VOLCANO,5522
1504-031,-16.755,-70.595,FEATURE_VOLCANO,5408
1504-04=,-17.026,-70.372,FEATURE_VOLCANO,5801
1504-02=,-16.355,-70.903,FEATURE_VOLCANO,5672
1504-05-,-17.184,-70.196,FEATURE_VOLCANO,5495
0702-08=,11.523,124.535,FEATURE_VOLCANO,1301
0702-05=,10.285,125.218,FEATURE_VOLCANO,912
0702-01=,9.25,123.17,FEATURE_VOLCANO,1862
0702-02=,10.412,123.132,FEATURE_VOLCANO,2435
0702-07=,10.882,124.888,FEATURE_VOLCANO,860
0702-03=,10.65,123.25,FEATURE_VOLCANO,1885
0702-04=,10.77,123.23,FEATURE_VOLCANO,1510
0201-022,13.72,42.73,FEATURE_VOLCANO,422
0201-01=,15.55,41.83,FEATURE_VOLCANO,244
0201-02=,15.05,42.18,FEATURE_VOLCANO,191
0201-021,14.02,42.75,FEATURE_VOLCANO,624
1002-07-,52.433,98.303,FEATURE_VOLCANO,2765
1002-06-,52.713,99.021,FEATURE_VOLCANO,2047
1002-01-,44.5,135.5,FEATURE_VOLCANO,0
1002-05-,51.5,102.5,FEATURE_VOLCANO,1200
1002-03-,56.28,117.77,FEATURE_VOLCANO,2180
1002-04-,53.75,113.25,FEATURE_VOLCANO,1250
0104-01-,43.351,42.442,FEATURE_VOLCANO,5642
0802-022,29.465,129.594,FEATURE_VOLCANO,555
0802-02=,27.881,128.223,FEATURE_VOLCANO,212
0802-06=,30.793,130.305,FEATURE_VOLCANO,704
0802-041,29.97,129.93,FEATURE_VOLCANO,627
0802-05=,30.443,130.217,FEATURE_VOLCANO,657
0802-043,29.968,129.926,FEATURE_VOLCANO,628
0802-04=,29.859,129.857,FEATURE_VOLCANO,979
0802-01=,24.57,123.93,FEATURE_VOLCANO,-200
0802-03=,29.638,129.714,FEATURE_VOLCANO,796
0802-021,28.797,128.997,FEATURE_VOLCANO,495
0404-02-,-14.295,-170.7,FEATURE_VOLCANO,653
0404-04=,-13.612,-172.525,FEATURE_VOLCANO,1858
0404-03-,-13.935,-171.72,FEATURE_VOLCANO,1100
0404-01=,-14.175,-169.618,FEATURE_VOLCANO,639
0404-001,-14.23,-169.454,FEATURE_VOLCANO,931
0404-00-,-14.215,-169.058,FEATURE_VOLCANO,-592
0607-04=,3.689,125.447,FEATURE_VOLCANO,1318
0607-03=,3.138,125.491,FEATURE_VOLCANO,-5
0607-02=,2.781,125.407,FEATURE_VOLCANO,1797
0607-01=,2.3,125.37,FEATURE_VOLCANO,725
0607-05=,3.97,124.17,FEATURE_VOLCANO,-5000
0506-01=,-10.386,165.804,FEATURE_VOLCANO,796
0705-001,19.905,110.229,FEATURE_VOLCANO,196
0705-01-,20.83,109.78,FEATURE_VOLCANO,259
0705-09-,22.28,95.1,FEATURE_VOLCANO,385
0705-08-,20.92,95.25,FEATURE_VOLCANO,1518
0705-10-,22.7,95.98,FEATURE_VOLCANO,507
0705-05-,10.8,107.2,FEATURE_VOLCANO,392
0705-06-,10.158,109.014,FEATURE_VOLCANO,-20
0705-04-,11.6,108.2,FEATURE_VOLCANO,1000
0705-02-,15.38,109.12,FEATURE_VOLCANO,157
0705-03-,14.93,108,FEATURE_VOLCANO,800
0705-07-,9.83,109.05,FEATURE_VOLCANO,-50
1303-06-,-17.874,-148.068,FEATURE_VOLCANO,389
1303-05-,-18.325,-148.525,FEATURE_VOLCANO,-312
1303-04-,-17.662,-148.586,FEATURE_VOLCANO,-2515
1303-03-,-17.564,-148.821,FEATURE_VOLCANO,-1743
,-25.37,-129.27,FEATURE_VOLCANO,-39
0505-053,-8.841,157.16,FEATURE_VOLCANO,-717
0505-062,-9.35,159.73,FEATURE_VOLCANO,1000
0505-052,-8.75,157.03,FEATURE_VOLCANO,-700
0505-06=,-8.991,157.979,FEATURE_VOLCANO,-20
0505-07=,-9.13,159.82,FEATURE_VOLCANO,485
0505-05=,-8.292,156.52,FEATURE_VOLCANO,335
0505-061,-8.92,158.03,FEATURE_VOLCANO,-240
0100-04-,38.87,-4.02,FEATURE_VOLCANO,1117
0100-03-,42.17,2.53,FEATURE_VOLCANO,893
0606-02=,0.75,124.42,FEATURE_VOLCANO,1795
0606-01=,-0.162,121.601,FEATURE_VOLCANO,404
0606-12=,1.454,125.031,FEATURE_VOLCANO,1968
0606-10=,1.358,124.792,FEATURE_VOLCANO,1580
0606-11=,1.352,124.865,FEATURE_VOLCANO,1299
0606-04=,1.13,124.758,FEATURE_VOLCANO,1549
0606-03=,1.112,124.737,FEATURE_VOLCANO,1785
0606-13=,1.518,125.185,FEATURE_VOLCANO,1334
0606-07-,1.23,124.83,FEATURE_VOLCANO,1202
0700-01=,5.95,121.07,FEATURE_VOLCANO,440
0601-25=,-4.43,103.67,FEATURE_VOLCANO,1899
0601-21=,-3.38,102.37,FEATURE_VOLCANO,2467
0601-23=,-4.016,103.121,FEATURE_VOLCANO,3142
0601-28=,-5.334,104.59,FEATURE_VOLCANO,849
0601-20=,-3.247,102.239,FEATURE_VOLCANO,2122
0601-171,-2.33,101.6,FEATURE_VOLCANO,2021
0601-172,-2.333,101.6,FEATURE_VOLCANO,2021
0601-101,2.15,98.93,FEATURE_VOLCANO,1505
0601-22=,-3.522,102.615,FEATURE_VOLCANO,1940
0601-17=,-1.697,101.264,FEATURE_VOLCANO,3800
0601-111,1.478,99.209,FEATURE_VOLCANO,1862
0601-24=,-4.22,103.62,FEATURE_VOLCANO,2055
0601-121,0.47,99.67,FEATURE_VOLCANO,1983
0601-14=,-0.38,100.474,FEATURE_VOLCANO,2885
0601-231,-4.257,103.306,FEATURE_VOLCANO,2836
0601-191,-2.82,102.02,FEATURE_VOLCANO,0
0601-03=,4.903,96.289,FEATURE_VOLCANO,2785
0601-29=,-5.78,105.625,FEATURE_VOLCANO,1281
0601-251,-4.871,103.925,FEATURE_VOLCANO,1854
0601-131,0.074,100.189,FEATURE_VOLCANO,737
0601-26=,-5.107,104.317,FEATURE_VOLCANO,1717
0601-02=,5.448,95.658,FEATURE_VOLCANO,1810
0601-11=,1.556,99.255,FEATURE_VOLCANO,1819
0601-08=,3.17,98.392,FEATURE_VOLCANO,2460
0601-07=,3.248,98.501,FEATURE_VOLCANO,2181
0601-12=,0.686,99.539,FEATURE_VOLCANO,2145
0601-18=,-2.414,101.728,FEATURE_VOLCANO,2507
0601-27=,-5.25,104.27,FEATURE_VOLCANO,1000
0601-13=,0.079,99.98,FEATURE_VOLCANO,2919
0601-16=,-0.979,100.681,FEATURE_VOLCANO,2575
0601-15=,-0.39,100.331,FEATURE_VOLCANO,2854
0601-05=,4.769,96.821,FEATURE_VOLCANO,2617
0601-09=,2.58,98.83,FEATURE_VOLCANO,2157
0508-001,-20.98,170.28,FEATURE_VOLCANO,-80
0508-02=,-22.4,172.05,FEATURE_VOLCANO,297
0508-01=,-22.33,171.32,FEATURE_VOLCANO,177
0508-03-,-25.78,168.63,FEATURE_VOLCANO,-2400
0404-05-,-13.3,-176.17,FEATURE_VOLCANO,143
0300-05-,33.08,37.15,FEATURE_VOLCANO,979
0300-01-,36.536,40.858,FEATURE_VOLCANO,516
0300-06-,32.658,36.425,FEATURE_VOLCANO,1436
0300-03-,33.308,36.925,FEATURE_VOLCANO,945
0300-02-,36.67,37,FEATURE_VOLCANO,0
0300-04-,33.15,36.258,FEATURE_VOLCANO,1197
0801-032,25.178,121.553,FEATURE_VOLCANO,1120
0801-031,24.841,121.953,FEATURE_VOLCANO,361
0801-03=,24,121.83,FEATURE_VOLCANO,0
0801-011,19.17,132.25,FEATURE_VOLCANO,-10
0801-02=,21.83,121.18,FEATURE_VOLCANO,-115
0801-01=,20.93,134.75,FEATURE_VOLCANO,-6000
0801-04=,25.42,122.33,FEATURE_VOLCANO,-100
0801-05=,26.18,122.458,FEATURE_VOLCANO,-418
0403-102,-15.62,-173.67,FEATURE_VOLCANO,-33
,-15.431,-175.725,FEATURE_VOLCANO,-1170
0403-05=,-20.32,-175.42,FEATURE_VOLCANO,-17
0403-10=,-18.023,-174.317,FEATURE_VOLCANO,188
0403-08=,-18.992,-174.775,FEATURE_VOLCANO,-10
0403-04=,-20.536,-175.382,FEATURE_VOLCANO,114
0403-061,-19.668,-175.016,FEATURE_VOLCANO,1009
0403-09=,-18.806,-174.65,FEATURE_VOLCANO,540
0403-07=,-19.18,-174.87,FEATURE_VOLCANO,43
0403-11=,-15.6,-175.63,FEATURE_VOLCANO,260
,-15.379,-174.003,FEATURE_VOLCANO,-1270
0403-101,-15.85,-173.72,FEATURE_VOLCANO,560
0403-12-,-15.37,-174.23,FEATURE_VOLCANO,-1400
0403-06=,-19.75,-175.07,FEATURE_VOLCANO,515
0403-02=,-21.07,-175.33,FEATURE_VOLCANO,0
0403-01=,-21.338,-175.65,FEATURE_VOLCANO,-68
0403-03=,-20.852,-175.55,FEATURE_VOLCANO,-296
0403-001,-24.8,-177.02,FEATURE_VOLCANO,-385
0403-011,-21.15,-175.75,FEATURE_VOLCANO,-65
0403-091,-18.325,-174.365,FEATURE_VOLCANO,-40
0403-13-,-15.1,-173.75,FEATURE_VOLCANO,-1174
1600-21-,10,-61,FEATURE_VOLCANO,140
0103-004,38.537,34.621,FEATURE_VOLCANO,1683
0103-04-,39.7,44.3,FEATURE_VOLCANO,5165
0103-01=,38.531,35.447,FEATURE_VOLCANO,3864
0103-022,39.17,43.33,FEATURE_VOLCANO,0
0103-003,38.25,34.57,FEATURE_VOLCANO,2143
0103-002,38.13,34.17,FEATURE_VOLCANO,3253
0103-011,37.67,39.83,FEATURE_VOLCANO,1957
0103-001,37.667,33.6,FEATURE_VOLCANO,1302
0103-05-,40.75,42.9,FEATURE_VOLCANO,3000
0103-00-,38.58,28.52,FEATURE_VOLCANO,750
0103-02=,38.654,42.229,FEATURE_VOLCANO,2948
0103-021,38.92,42.82,FEATURE_VOLCANO,4434
0103-03=,39.356,43.874,FEATURE_VOLCANO,3514
1209-02-,35.347,-111.678,FEATURE_VOLCANO,3850
1209-01-,36.38,-113.13,FEATURE_VOLCANO,1555
1203-04-,40.955,-121.365,FEATURE_VOLCANO,1259
1203-03-,41.178,-121.443,FEATURE_VOLCANO,1174
1203-10-,38.97,-122.77,FEATURE_VOLCANO,1439
1203-18-,36.03,-117.82,FEATURE_VOLCANO,2400
1203-09-,40.63,-120.83,FEATURE_VOLCANO,1652
1203-17-,36.358,-118.32,FEATURE_VOLCANO,2886
1203-13-,37.692,-119.02,FEATURE_VOLCANO,2629
1203-08-,40.492,-121.508,FEATURE_VOLCANO,3187
1203-19-,34.75,-116.625,FEATURE_VOLCANO,1495
1203-15-,37.631,-119.032,FEATURE_VOLCANO,3369
1203-02-,41.611,-121.554,FEATURE_VOLCANO,2412
1203-11-,38,-119.03,FEATURE_VOLCANO,2121
1203-12-,37.804,-119.029,FEATURE_VOLCANO,2796
1203-20-,33.197,-115.616,FEATURE_VOLCANO,-40
1203-01-,41.409,-122.193,FEATURE_VOLCANO,4317
1203-06-,40.68,-121.55,FEATURE_VOLCANO,2191
1203-05-,40.78,-121.6,FEATURE_VOLCANO,1631
1203-16-,37.02,-117.45,FEATURE_VOLCANO,752
1208-01-,39.661,-107.035,FEATURE_VOLCANO,2230
1204-01-,43.183,-114.352,FEATURE_VOLCANO,1478
1204-02-,43.42,-113.5,FEATURE_VOLCANO,2005
1204-04-,43.5,-112.45,FEATURE_VOLCANO,1631
1204-03-,42.88,-113.22,FEATURE_VOLCANO,1604
1206-01-,39.53,-118.87,FEATURE_VOLCANO,1251
1210-01-,33.78,-105.93,FEATURE_VOLCANO,1731
,34.25,-108.83,FEATURE_VOLCANO,2300
1210-02-,34.8,-108,FEATURE_VOLCANO,2550
1202-09-,43.979,-121.688,FEATURE_VOLCANO,2763
1202-06-,44.285,-121.841,FEATURE_VOLCANO,2095
1202-03-,44.411,-121.774,FEATURE_VOLCANO,1230
1202-15-,43.241,-122.108,FEATURE_VOLCANO,1956
1202-16-,42.93,-122.12,FEATURE_VOLCANO,2487
1202-10-,43.57,-121.82,FEATURE_VOLCANO,2163
1202-12-,43.512,-120.861,FEATURE_VOLCANO,1698
1202-17-,43.1,-118.75,FEATURE_VOLCANO,1435
1202-14-,43.361,-120.669,FEATURE_VOLCANO,1501
1202-01-,45.374,-121.695,FEATURE_VOLCANO,3426
1202-02-,44.674,-121.8,FEATURE_VOLCANO,3199
1202-19-,43.147,-117.46,FEATURE_VOLCANO,1473
1202-11-,43.722,-121.229,FEATURE_VOLCANO,2434
1202-04-,44.38,-121.93,FEATURE_VOLCANO,1664
1202-08-,44.1,-121.77,FEATURE_VOLCANO,3157
1202-13-,43.472,-120.754,FEATURE_VOLCANO,1711
1202-07-,44.133,-121.767,FEATURE_VOLCANO,3159
1207-03-,37.328,-112.408,FEATURE_VOLCANO,2135
1207-05-,38.97,-112.5,FEATURE_VOLCANO,1800
1207-04-,37.58,-112.67,FEATURE_VOLCANO,2840
1207-01-,37.257,-113.625,FEATURE_VOLCANO,1465
1201-04-,46.206,-121.49,FEATURE_VOLCANO,3742
1201-01=,48.777,-121.813,FEATURE_VOLCANO,3285
1201-02-,48.112,-121.113,FEATURE_VOLCANO,3213
1201-07-,45.93,-121.82,FEATURE_VOLCANO,1806
1201-03-,46.853,-121.76,FEATURE_VOLCANO,4392
1201-05-,46.2,-122.18,FEATURE_VOLCANO,2549
1201-06-,45.88,-122.08,FEATURE_VOLCANO,1329
1205-01-,44.43,-110.67,FEATURE_VOLCANO,2805
0507-03=,-15.389,167.835,FEATURE_VOLCANO,1496
0507-04=,-16.25,168.12,FEATURE_VOLCANO,1334
0507-11-,-20.2,169.78,FEATURE_VOLCANO,852
0507-06=,-16.68,168.37,FEATURE_VOLCANO,833
0507-02=,-14.27,167.5,FEATURE_VOLCANO,797
0507-07=,-16.829,168.536,FEATURE_VOLCANO,-2
0507-05=,-16.507,168.346,FEATURE_VOLCANO,1413
0507-021,-14.45,168.05,FEATURE_VOLCANO,1028
0507-001,-13.67,167.67,FEATURE_VOLCANO,411
0507-08-,-16.992,168.592,FEATURE_VOLCANO,216
0507-081,-17.47,168.353,FEATURE_VOLCANO,594
0507-01=,-13.8,167.47,FEATURE_VOLCANO,921
0507-09=,-18.754,169.238,FEATURE_VOLCANO,817
0507-10=,-19.532,169.447,FEATURE_VOLCANO,361
0804-137,21.324,144.194,FEATURE_VOLCANO,-323
0804-133,21.93,143.47,FEATURE_VOLCANO,-217
0804-13=,24.285,141.481,FEATURE_VOLCANO,-29
0804-12=,24.751,141.289,FEATURE_VOLCANO,169
0804-097,26.667,140.929,FEATURE_VOLCANO,-165
0804-10=,26.127,141.102,FEATURE_VOLCANO,-95
0804-134,21.765,143.71,FEATURE_VOLCANO,-598
0804-121,24.417,141.417,FEATURE_VOLCANO,-73
0804-11=,25.424,141.284,FEATURE_VOLCANO,792
0804-131,23.5,141.935,FEATURE_VOLCANO,-107
0804-132,23.078,142.326,FEATURE_VOLCANO,-392
0804-096,27.247,140.874,FEATURE_VOLCANO,25
0804-093,28.575,140.633,FEATURE_VOLCANO,-991
0804-101,26.133,144.483,FEATURE_VOLCANO,-3200
1600-08=,15.612,-61.43,FEATURE_VOLCANO,861
1600-09=,15.503,-61.397,FEATURE_VOLCANO,1430
1600-11=,15.255,-61.341,FEATURE_VOLCANO,940
1600-10=,15.37,-61.33,FEATURE_VOLCANO,1387
1600-101,15.307,-61.305,FEATURE_VOLCANO,1224
1600-17=,12.15,-61.67,FEATURE_VOLCANO,840
1600-06=,16.044,-61.664,FEATURE_VOLCANO,1467
1600-12=,14.809,-61.165,FEATURE_VOLCANO,1394
1600-05=,16.72,-62.18,FEATURE_VOLCANO,915
1600-16=,12.3,-61.64,FEATURE_VOLCANO,-185
1600-04=,17.15,-62.58,FEATURE_VOLCANO,985
1600-02=,17.478,-62.96,FEATURE_VOLCANO,601
1600-01=,17.63,-63.23,FEATURE_VOLCANO,887
1600-07=,16.13,-61.28,FEATURE_VOLCANO,-7
1600-03=,17.37,-62.8,FEATURE_VOLCANO,1156
1600-14=,13.83,-61.05,FEATURE_VOLCANO,777
1600-15=,13.33,-61.18,FEATURE_VOLCANO,1220
